idno,cntry,trust_parliament,trust_legal,trust_police,trust_politicians,trust_parties,pro_immigration,religiosity,life_satisfaction,satis_economy,satis_government,left_right,gender,age_group,education
18184,BE,high,high,high,high,high,medium,medium,high,high,medium,left,male,30-44,high
22606,BE,medium,medium,high,medium,medium,medium,medium,high,medium,medium,centre,female,45-59,high
23562,BE,medium,high,high,medium,medium,medium,high,high,low,medium,centre,male,30-44,high
17329,BE,high,high,high,medium,medium,high,high,high,low,medium,centre,male,30-44,high
27340,BE,high,low,high,medium,low,medium,medium,high,low,low,centre,female,60+,medium
10445,BE,low,low,medium,low,low,high,high,high,low,medium,centre,female,30-44,high
19203,BE,medium,low,medium,medium,low,low,low,high,medium,high,centre,male,60+,high
26894,BE,high,high,high,high,high,medium,medium,high,high,high,centre,male,18-29,medium
15733,BE,medium,low,low,medium,medium,medium,low,high,high,low,left,male,18-29,medium
21950,BE,medium,medium,high,medium,medium,high,medium,high,high,high,centre,female,60+,low
16525,BE,high,high,high,medium,medium,medium,high,high,high,high,right,male,18-29,medium
20537,BE,medium,medium,high,medium,medium,high,low,high,high,medium,left,female,45-59,medium
24567,BE,medium,medium,high,low,medium,medium,high,high,medium,medium,centre,male,60+,medium
22693,BE,low,high,high,low,low,medium,low,high,high,medium,left,male,45-59,high
13005,BE,high,high,high,high,medium,medium,high,high,high,medium,right,female,45-59,high
13197,BE,low,low,medium,low,low,high,high,high,medium,medium,centre,female,18-29,low
17274,BE,high,high,high,medium,medium,medium,high,high,medium,medium,centre,male,30-44,low
11953,BE,high,high,high,medium,medium,medium,low,high,medium,high,right,female,30-44,high
22626,BE,medium,medium,high,medium,medium,medium,low,high,medium,medium,right,male,60+,high
10644,BE,medium,high,medium,medium,low,high,low,medium,low,low,left,female,30-44,high
20228,BE,low,low,low,low,low,low,low,low,low,low,centre,female,45-59,low
11108,BE,high,high,high,medium,medium,medium,high,high,medium,medium,right,male,60+,high
26624,BE,low,low,high,low,low,medium,low,high,high,low,centre,male,45-59,high
19555,BE,low,low,medium,low,low,high,low,high,low,low,right,male,30-44,high
26030,BE,low,low,high,low,medium,low,medium,high,medium,low,right,female,45-59,low
16065,BE,medium,medium,high,medium,medium,medium,high,high,medium,medium,right,female,60+,low
11040,BE,high,high,high,high,high,high,low,high,high,medium,centre,male,18-29,low
14181,BE,low,low,high,low,low,low,high,high,low,low,centre,female,60+,medium
26131,BE,low,low,low,low,low,low,low,high,medium,low,right,female,18-29,high
27929,BE,high,medium,high,high,medium,medium,medium,high,high,high,centre,female,45-59,high
18228,BE,high,high,high,medium,high,high,medium,high,medium,high,left,female,30-44,high
10156,BE,high,high,high,high,high,high,high,high,medium,high,centre,male,18-29,high
20579,BE,medium,high,high,medium,low,medium,high,high,high,high,left,male,18-29,medium
22081,BE,high,medium,high,medium,medium,medium,high,low,medium,medium,centre,female,45-59,high
12824,BE,high,high,high,medium,medium,medium,medium,high,medium,medium,centre,female,18-29,medium
11458,BE,low,medium,medium,low,low,low,low,low,medium,low,centre,female,45-59,high
16882,BE,medium,medium,medium,medium,medium,high,low,high,medium,low,left,female,60+,high
11605,BE,low,medium,medium,low,low,high,medium,high,low,low,left,female,60+,high
15509,BE,low,high,high,low,medium,medium,low,high,medium,medium,centre,female,18-29,low
22109,BE,low,low,low,low,low,medium,low,high,medium,medium,centre,male,45-59,medium
14458,BE,low,medium,high,low,low,high,low,high,medium,low,centre,female,60+,low
24851,BE,low,low,low,low,low,low,low,high,medium,low,right,male,60+,high
15682,BE,high,high,high,high,medium,high,high,high,high,high,centre,male,60+,high
15592,BE,low,medium,high,low,low,high,low,high,medium,low,centre,male,45-59,low
13914,BE,low,low,low,low,low,medium,low,low,medium,low,right,male,45-59,high
23324,BE,medium,medium,high,low,low,low,medium,high,low,low,centre,female,30-44,high
20265,BE,high,high,high,high,high,medium,low,high,high,high,centre,male,45-59,medium
20514,BE,high,high,high,medium,medium,high,medium,high,high,high,right,male,45-59,high
24492,BE,low,low,high,low,low,medium,low,high,medium,medium,centre,female,45-59,medium
21095,BE,medium,high,high,medium,medium,medium,medium,high,high,medium,centre,female,30-44,medium
19620,BE,medium,low,medium,low,low,medium,medium,high,low,low,left,male,60+,high
16156,BE,low,low,medium,low,low,medium,medium,high,medium,medium,centre,female,60+,low
10603,BE,high,medium,high,medium,medium,medium,high,high,high,high,right,male,30-44,high
16537,BE,low,low,medium,low,low,high,low,high,medium,low,centre,male,60+,medium
10946,BE,medium,high,high,medium,medium,medium,medium,high,medium,medium,centre,female,60+,medium
17750,BE,high,high,high,medium,medium,high,low,high,medium,medium,left,female,30-44,high
21223,BE,low,medium,low,low,low,high,low,medium,low,low,centre,male,18-29,high
25617,BE,medium,medium,medium,medium,low,medium,high,high,medium,medium,centre,female,60+,high
16975,BE,medium,medium,high,medium,medium,high,low,medium,medium,high,centre,female,60+,low
22345,BE,medium,high,medium,medium,high,medium,high,high,medium,medium,centre,male,18-29,low
15645,BE,high,high,high,high,high,medium,high,high,high,high,right,female,60+,medium
15925,BE,medium,low,medium,low,low,medium,high,medium,medium,medium,centre,female,60+,high
10735,BE,medium,low,medium,low,low,medium,low,medium,low,low,right,female,45-59,high
24916,BE,low,low,high,low,low,medium,low,medium,medium,low,centre,female,30-44,high
15391,BE,medium,high,high,medium,low,high,low,high,medium,high,left,male,60+,high
22959,BE,medium,high,medium,medium,medium,high,low,high,medium,medium,left,male,18-29,medium
13666,BE,medium,medium,medium,medium,medium,medium,low,medium,medium,medium,centre,male,60+,high
20611,BE,high,medium,high,medium,high,medium,low,high,medium,medium,centre,male,18-29,high
27070,BE,low,low,medium,low,low,medium,low,high,medium,medium,centre,female,30-44,medium
22607,BE,medium,medium,high,medium,medium,medium,high,high,medium,medium,right,male,60+,high
12799,BE,low,low,low,low,low,medium,high,low,low,low,left,male,45-59,low
14546,BE,medium,medium,high,high,high,high,medium,high,medium,high,right,female,60+,low
15659,BE,high,high,high,high,high,high,high,high,medium,high,centre,male,30-44,high
10422,BE,medium,high,high,high,medium,high,low,high,high,high,right,male,60+,high
22665,BE,medium,medium,high,low,medium,medium,low,high,medium,low,right,male,18-29,medium
23686,BE,medium,medium,high,medium,medium,high,high,high,medium,medium,centre,male,45-59,low
13548,BE,low,medium,high,low,low,low,low,high,high,medium,centre,female,45-59,medium
19101,BE,medium,medium,medium,medium,medium,low,low,high,medium,medium,right,male,60+,high
14192,BE,high,high,high,high,high,high,high,high,high,high,centre,male,30-44,high
20115,BE,low,low,low,low,low,medium,medium,high,low,low,centre,female,30-44,high
26456,BE,low,low,medium,low,low,medium,low,high,low,low,right,female,60+,high
21776,BE,low,medium,medium,low,low,low,low,high,high,medium,right,male,60+,low
11328,BE,medium,medium,medium,medium,medium,medium,low,high,low,medium,centre,male,60+,high
16452,BE,medium,medium,high,medium,low,high,low,high,high,medium,centre,female,60+,high
24168,BE,low,medium,high,low,low,medium,low,high,medium,low,centre,female,18-29,high
18424,BE,medium,medium,low,low,low,low,low,high,low,low,centre,male,60+,high
19668,BE,medium,high,high,medium,medium,medium,low,high,high,high,left,male,45-59,high
24351,BE,low,medium,high,low,low,medium,low,low,high,medium,centre,female,45-59,medium
19233,BE,low,high,high,low,low,medium,high,high,medium,high,left,male,18-29,low
26337,BE,high,medium,high,medium,medium,high,high,high,high,medium,left,female,18-29,low
21531,BE,low,high,high,low,low,medium,low,high,medium,low,right,male,18-29,high
26898,BE,medium,medium,medium,medium,low,medium,low,high,medium,high,left,male,60+,low
23710,BE,low,medium,high,low,low,high,low,high,low,low,left,male,45-59,high
27537,BE,medium,medium,high,medium,low,low,medium,high,medium,medium,centre,female,60+,high
15235,BE,high,high,high,high,high,high,low,high,high,high,centre,female,18-29,high
23657,BE,medium,high,high,low,medium,medium,low,high,low,medium,right,male,60+,medium
18569,BE,high,high,medium,high,medium,medium,medium,medium,medium,medium,centre,female,30-44,high
19618,BE,low,medium,high,low,low,medium,high,high,high,medium,centre,female,30-44,medium
20691,BE,low,medium,low,low,low,high,medium,high,medium,medium,left,female,18-29,low
12412,BE,medium,medium,high,medium,medium,medium,medium,high,medium,medium,centre,female,60+,low
18370,BG,low,high,high,low,medium,high,medium,high,medium,medium,centre,male,60+,medium
23633,BG,low,low,low,low,low,medium,high,high,low,medium,right,male,60+,medium
10107,BG,low,low,medium,low,low,low,low,high,medium,medium,centre,male,30-44,medium
12279,BG,low,low,medium,low,low,medium,medium,low,low,low,right,male,60+,medium
14195,BG,low,low,low,low,low,high,low,medium,low,low,centre,male,30-44,medium
18724,BG,low,low,low,low,low,low,low,high,low,low,centre,male,18-29,medium
11065,BG,medium,low,high,medium,medium,low,medium,high,medium,medium,left,female,60+,high
27537,BG,low,medium,low,medium,medium,medium,medium,low,low,low,centre,male,30-44,high
11885,BG,low,low,medium,low,low,high,low,high,medium,low,right,female,45-59,high
17750,BG,low,low,low,low,low,medium,high,high,low,low,left,male,45-59,medium
15646,BG,low,low,medium,medium,medium,medium,low,medium,low,low,centre,female,60+,high
20504,BG,low,low,low,low,low,low,medium,high,low,low,left,female,60+,high
22720,BG,low,low,low,low,low,medium,medium,high,medium,high,centre,male,30-44,high
27353,BG,low,low,high,low,low,low,high,high,low,low,right,female,45-59,high
26034,BG,low,low,low,low,low,medium,high,high,low,medium,right,female,60+,medium
11956,BG,medium,high,medium,medium,medium,medium,medium,high,medium,medium,left,female,60+,high
10279,BG,low,low,medium,medium,high,low,medium,high,low,medium,centre,female,60+,medium
20651,BG,low,low,low,low,low,low,low,high,medium,medium,centre,female,30-44,high
13337,BG,high,high,high,high,high,high,high,high,high,high,right,female,18-29,high
18059,BG,low,low,low,low,low,medium,low,high,medium,medium,centre,male,45-59,high
10077,BG,medium,medium,high,medium,medium,medium,low,medium,medium,medium,left,female,60+,high
23562,BG,low,medium,medium,low,low,medium,high,high,high,low,right,female,45-59,medium
26996,BG,low,low,low,low,low,high,medium,high,low,low,centre,male,60+,low
20479,BG,low,low,medium,low,low,medium,high,low,low,low,left,female,45-59,medium
18052,BG,low,low,low,low,low,low,medium,low,low,low,left,male,60+,low
13029,BG,low,medium,medium,low,low,medium,low,medium,low,high,right,male,18-29,high
12090,BG,low,low,low,low,low,medium,low,high,low,low,centre,male,45-59,high
12794,BG,low,medium,medium,low,low,medium,high,high,low,low,right,female,45-59,medium
25065,BG,high,medium,medium,medium,medium,low,low,medium,medium,low,right,male,30-44,high
25555,BG,low,medium,medium,low,low,low,medium,medium,low,low,right,female,60+,high
20093,BG,low,low,low,low,low,low,medium,high,low,low,centre,female,45-59,medium
25744,BG,low,low,medium,low,low,medium,low,high,low,low,left,male,30-44,high
13108,BG,low,low,medium,low,low,medium,low,high,low,low,left,female,45-59,medium
20870,BG,medium,medium,medium,high,high,high,high,medium,medium,medium,left,female,45-59,high
22527,BG,low,medium,medium,low,medium,medium,medium,high,medium,medium,centre,male,45-59,low
18542,BG,medium,medium,high,low,low,low,medium,high,low,medium,right,female,60+,medium
24919,BG,low,medium,high,medium,low,medium,medium,medium,medium,medium,centre,male,45-59,medium
21586,BG,low,high,high,low,low,medium,medium,high,medium,medium,centre,female,45-59,high
23263,BG,low,low,low,low,low,medium,medium,high,medium,low,centre,female,18-29,medium
14191,BG,medium,high,high,medium,medium,low,low,medium,medium,low,centre,female,60+,medium
25421,BG,medium,medium,medium,medium,medium,medium,medium,high,medium,medium,centre,female,30-44,high
25296,BG,low,low,low,low,low,medium,high,medium,high,high,centre,female,60+,medium
21763,BG,medium,medium,medium,medium,medium,medium,high,high,low,medium,right,female,60+,medium
21553,BG,low,low,low,low,low,medium,medium,low,low,low,centre,female,45-59,high
15437,BG,low,low,low,low,low,high,medium,high,high,low,centre,female,45-59,high
16206,BG,low,low,low,medium,low,medium,medium,high,low,low,centre,female,60+,high
11106,BG,low,low,low,low,low,medium,low,medium,medium,low,right,male,45-59,high
23242,BG,low,low,medium,low,medium,medium,medium,high,medium,medium,right,male,45-59,high
23458,BG,low,low,medium,low,low,medium,low,medium,low,low,centre,male,60+,high
11205,BG,low,low,medium,low,low,medium,medium,medium,low,low,centre,female,30-44,high
14458,BG,high,high,high,low,low,low,high,high,low,low,right,male,60+,low
22883,BG,low,low,medium,medium,medium,medium,medium,medium,low,low,left,male,60+,high
14273,BG,medium,medium,medium,medium,low,low,medium,medium,low,low,centre,female,30-44,high
13629,BG,low,low,low,low,low,low,low,high,low,low,right,male,30-44,medium
11868,BG,low,medium,medium,low,low,medium,high,medium,medium,low,centre,male,45-59,medium
26258,BG,low,low,low,low,low,low,low,low,low,low,centre,female,18-29,low
17747,BG,medium,low,medium,medium,medium,medium,medium,low,medium,low,left,male,60+,high
23065,BG,low,low,high,low,low,medium,high,medium,low,medium,centre,male,60+,low
26579,BG,low,low,low,low,low,high,low,medium,low,low,centre,female,30-44,high
19970,BG,high,low,low,medium,low,medium,medium,high,medium,high,centre,female,45-59,high
14098,BG,low,low,low,low,low,medium,medium,high,medium,medium,centre,female,60+,medium
21095,BG,medium,low,medium,medium,low,medium,low,high,medium,low,centre,male,30-44,high
15208,BG,medium,medium,high,medium,medium,medium,low,high,low,low,right,male,45-59,medium
21186,BG,medium,medium,medium,low,low,medium,low,high,high,low,centre,female,18-29,medium
25048,BG,low,low,low,low,low,medium,medium,medium,low,low,centre,female,30-44,medium
21748,BG,low,low,medium,low,low,medium,low,high,low,low,centre,female,18-29,medium
23518,BG,medium,low,high,low,low,high,low,high,high,high,centre,female,18-29,medium
16068,BG,low,low,medium,low,low,medium,low,high,medium,low,centre,male,60+,medium
27464,BG,low,low,medium,low,low,low,high,medium,medium,medium,left,male,60+,low
24936,BG,medium,low,low,low,low,low,medium,medium,low,low,centre,male,30-44,low
24852,BG,low,medium,medium,medium,low,high,high,high,low,medium,centre,male,NA,high
20440,BG,medium,medium,medium,low,low,medium,low,high,low,low,left,female,45-59,high
16928,BG,medium,high,high,medium,medium,high,medium,high,high,medium,left,female,60+,high
12380,BG,low,medium,medium,low,low,medium,high,medium,medium,low,centre,female,45-59,medium
11160,BG,low,low,medium,medium,low,medium,low,low,low,medium,left,male,60+,high
25670,BG,low,medium,high,low,low,high,low,medium,low,low,right,female,45-59,medium
24055,BG,low,low,low,low,low,low,medium,low,low,low,left,female,60+,medium
25737,BG,low,medium,medium,low,low,medium,low,high,low,low,centre,male,30-44,high
14328,BG,low,low,high,low,low,medium,medium,high,high,high,centre,female,30-44,high
26823,BG,medium,low,medium,medium,low,high,low,high,medium,low,right,male,30-44,high
24162,BG,low,medium,medium,low,low,medium,high,high,medium,high,right,female,45-59,high
12517,BG,medium,medium,medium,medium,medium,medium,medium,high,low,medium,left,male,60+,low
21438,BG,low,low,medium,medium,high,high,high,medium,low,low,right,female,60+,medium
19552,BG,low,medium,medium,low,low,medium,medium,low,medium,low,centre,female,30-44,high
18377,BG,low,low,low,low,low,medium,low,low,low,low,right,male,30-44,medium
22529,BG,low,low,low,low,low,medium,low,low,low,low,centre,male,60+,medium
16555,BG,low,low,low,low,low,high,high,high,high,high,right,female,30-44,low
10757,BG,low,low,high,low,low,low,low,high,low,medium,left,male,60+,high
16884,BG,low,low,low,low,low,medium,high,medium,low,low,left,female,60+,high
12918,BG,low,high,high,low,low,medium,medium,high,low,medium,right,female,45-59,medium
16669,BG,low,low,low,low,low,high,low,high,high,high,right,male,45-59,medium
10799,BG,low,medium,medium,low,low,medium,medium,medium,low,medium,right,male,60+,low
27570,BG,low,low,low,low,low,medium,medium,medium,medium,medium,centre,female,18-29,high
24352,BG,low,low,low,low,low,low,low,low,low,low,centre,female,60+,high
16425,BG,low,low,low,low,low,low,high,high,low,low,right,male,60+,medium
16015,BG,medium,medium,medium,low,low,high,high,medium,high,medium,right,female,60+,high
26112,BG,low,medium,high,low,low,medium,high,high,low,low,centre,female,30-44,high
18032,BG,low,medium,medium,low,low,high,low,high,medium,low,centre,male,45-59,medium
11657,BG,low,low,low,low,low,low,medium,high,low,medium,centre,male,30-44,medium
11565,BG,medium,low,low,low,low,high,high,low,low,high,right,female,45-59,high
25277,CH,high,high,high,high,medium,high,high,medium,high,high,centre,female,45-59,low
10130,CH,medium,medium,high,low,low,medium,low,high,high,high,centre,male,18-29,high
16128,CH,high,high,high,high,medium,medium,low,high,high,high,centre,male,45-59,medium
24889,CH,high,high,high,high,medium,medium,low,high,high,high,left,female,45-59,medium
21886,CH,high,high,high,high,high,high,low,high,high,high,centre,male,30-44,high
17796,CH,high,medium,medium,high,high,high,high,high,high,medium,right,female,30-44,high
19068,CH,high,high,high,medium,medium,medium,low,high,high,high,right,female,30-44,medium
14063,CH,medium,medium,high,medium,medium,low,medium,high,high,medium,centre,male,60+,medium
17167,CH,high,high,high,high,high,medium,high,high,medium,high,left,female,60+,medium
21406,CH,high,high,high,high,medium,high,high,high,high,high,left,female,45-59,high
11604,CH,high,high,high,high,high,medium,medium,high,high,high,centre,male,45-59,medium
17697,CH,high,high,high,high,high,high,low,high,high,high,centre,female,30-44,high
10004,CH,high,high,high,medium,medium,medium,high,high,high,high,right,male,45-59,medium
14390,CH,high,high,high,high,medium,high,low,high,high,medium,left,male,30-44,high
21630,CH,medium,medium,high,high,high,medium,medium,high,high,high,centre,male,18-29,low
14738,CH,high,high,high,medium,high,medium,high,medium,high,high,centre,male,18-29,medium
23016,CH,high,high,high,high,high,medium,medium,high,medium,high,centre,female,45-59,low
16346,CH,low,high,high,low,low,high,high,medium,medium,low,left,female,45-59,high
12394,CH,high,high,high,high,high,low,low,high,medium,high,centre,female,45-59,medium
22665,CH,high,high,high,high,high,medium,medium,high,high,high,centre,female,30-44,medium
13170,CH,high,high,high,medium,medium,medium,low,high,high,high,centre,male,45-59,high
12117,CH,high,high,high,medium,medium,medium,medium,high,high,medium,centre,male,30-44,high
23531,CH,high,high,high,medium,medium,high,high,high,high,high,centre,male,60+,high
24990,CH,high,high,high,medium,low,low,medium,high,high,high,centre,male,30-44,high
18298,CH,high,high,high,high,high,medium,medium,medium,high,high,centre,female,60+,low
20646,CH,high,high,high,high,high,high,high,high,high,high,right,male,45-59,high
18257,CH,high,high,high,high,medium,medium,low,high,high,high,right,female,30-44,high
23109,CH,high,medium,medium,high,high,high,low,medium,high,medium,left,male,30-44,medium
19705,CH,high,high,high,high,high,high,high,high,high,high,right,male,30-44,medium
25838,CH,medium,medium,medium,low,low,high,medium,high,high,low,centre,female,45-59,medium
16321,CH,high,high,high,high,medium,medium,high,high,high,high,right,male,60+,high
16470,CH,high,high,high,medium,medium,high,low,high,high,high,left,female,60+,high
22839,CH,high,high,medium,high,high,medium,low,high,high,high,left,female,18-29,high
22503,CH,high,medium,low,medium,medium,high,medium,high,high,high,left,female,18-29,medium
26572,CH,medium,medium,medium,medium,medium,high,low,high,medium,medium,left,female,18-29,high
12734,CH,medium,medium,low,medium,low,low,high,high,high,medium,right,female,45-59,medium
10504,CH,medium,high,high,medium,medium,medium,low,high,high,high,centre,male,60+,medium
18554,CH,high,high,high,low,medium,high,low,high,high,high,left,female,45-59,high
20914,CH,high,high,medium,high,medium,high,medium,high,medium,medium,centre,male,18-29,low
23437,CH,high,medium,medium,medium,medium,medium,high,medium,medium,high,left,male,60+,high
16418,CH,medium,medium,high,high,high,high,high,high,medium,medium,centre,female,45-59,low
15934,CH,high,high,high,high,high,medium,medium,high,high,high,centre,female,30-44,high
16100,CH,high,medium,medium,medium,medium,high,high,medium,medium,medium,centre,female,30-44,high
10917,CH,high,high,high,high,high,medium,medium,high,medium,high,left,male,30-44,medium
25308,CH,high,high,high,medium,medium,high,low,low,medium,high,left,female,30-44,high
17877,CH,medium,medium,high,medium,medium,low,medium,high,medium,high,centre,female,30-44,medium
22438,CH,medium,high,low,low,medium,high,medium,high,high,high,left,male,18-29,high
12459,CH,medium,medium,high,medium,medium,high,high,medium,high,high,left,female,18-29,medium
11633,CH,medium,medium,high,medium,high,medium,low,high,medium,medium,right,male,18-29,medium
20274,CH,high,high,high,high,high,high,high,high,high,high,centre,male,45-59,medium
11611,CH,medium,medium,high,medium,medium,medium,high,high,medium,medium,left,female,60+,medium
21522,CH,medium,high,high,high,medium,medium,high,high,medium,high,right,female,60+,low
24916,CH,high,high,high,medium,medium,medium,high,high,high,high,centre,male,60+,high
18002,CH,high,high,high,high,medium,medium,low,high,high,high,centre,female,18-29,medium
22967,CH,high,high,high,high,high,medium,high,high,high,high,centre,male,60+,high
22263,CH,high,high,high,high,high,high,high,high,high,high,right,male,30-44,low
18852,CH,high,medium,medium,high,medium,medium,high,high,high,high,left,female,18-29,medium
12795,CH,medium,medium,high,medium,medium,medium,medium,high,high,high,centre,female,30-44,high
21492,CH,medium,medium,medium,medium,medium,medium,low,medium,medium,medium,centre,female,60+,high
11530,CH,high,high,high,medium,high,high,low,medium,medium,high,centre,male,18-29,low
26727,CH,high,medium,high,high,medium,high,high,high,high,high,right,male,60+,medium
18232,CH,high,high,high,high,high,low,medium,high,high,high,centre,male,60+,medium
10780,CH,medium,high,high,medium,medium,medium,low,high,high,medium,centre,male,60+,low
26203,CH,high,medium,high,high,medium,high,high,high,high,high,left,male,45-59,high
24706,CH,medium,medium,high,low,low,high,medium,high,high,high,centre,female,60+,high
23590,CH,medium,medium,high,high,medium,high,high,high,high,high,left,female,60+,medium
13500,CH,medium,low,low,medium,low,high,low,high,medium,medium,left,female,18-29,high
18500,CH,high,high,high,medium,medium,medium,medium,high,high,high,right,female,60+,high
17980,CH,medium,high,high,medium,medium,medium,low,high,low,medium,left,female,30-44,medium
26030,CH,high,high,medium,medium,medium,high,medium,high,high,high,centre,male,30-44,low
23796,CH,medium,medium,medium,low,low,medium,high,high,high,medium,left,male,30-44,high
19238,CH,high,high,high,high,high,medium,medium,high,high,high,centre,male,30-44,high
16391,CH,medium,medium,medium,medium,medium,medium,high,high,high,low,right,female,60+,medium
18815,CH,high,high,high,high,high,high,low,high,high,high,left,female,30-44,high
18380,CH,high,high,high,high,medium,medium,medium,high,high,high,left,female,30-44,medium
20110,CH,high,high,high,high,high,medium,high,high,medium,high,left,female,30-44,medium
11395,CH,high,high,high,high,medium,high,medium,high,high,medium,centre,male,60+,high
22736,CH,high,high,high,high,medium,high,low,high,medium,medium,left,female,45-59,high
27253,CH,high,high,high,high,high,medium,medium,high,high,high,centre,female,30-44,medium
23855,CH,medium,low,medium,medium,high,low,low,high,medium,high,centre,female,60+,low
26594,CH,high,high,high,high,medium,high,medium,high,medium,high,centre,male,60+,high
24577,CH,high,high,high,high,medium,medium,high,medium,medium,medium,centre,female,60+,high
16866,CH,high,high,high,medium,high,medium,low,high,high,high,right,female,45-59,high
19299,CH,high,high,high,high,high,high,high,high,high,high,centre,female,45-59,high
21699,CH,high,medium,high,high,medium,medium,high,high,high,high,right,female,45-59,high
13197,CH,high,high,high,medium,medium,high,high,high,medium,high,centre,female,60+,medium
21113,CH,high,high,high,high,high,low,low,medium,high,high,left,male,45-59,medium
15272,CH,high,medium,high,medium,medium,medium,medium,low,high,high,left,female,45-59,medium
11259,CH,low,low,low,low,low,low,low,high,low,low,centre,female,45-59,medium
15015,CH,medium,medium,medium,medium,low,high,high,high,medium,medium,left,female,30-44,high
13030,CH,high,high,high,medium,medium,high,high,high,medium,high,left,male,45-59,high
23325,CH,high,high,high,high,high,high,medium,high,high,high,centre,male,45-59,high
25769,CH,high,medium,high,medium,low,medium,high,high,high,high,right,male,18-29,low
18606,CH,high,high,high,high,high,high,high,high,medium,high,centre,female,30-44,low
23710,CH,high,high,high,high,high,high,high,high,high,high,left,female,18-29,medium
18810,CH,high,high,high,high,high,medium,high,high,high,high,centre,male,18-29,high
25067,CH,high,high,high,high,high,high,high,high,high,high,centre,female,60+,high
27814,CH,medium,medium,high,medium,medium,low,medium,high,high,high,centre,female,45-59,medium
21012,CH,high,high,high,high,high,medium,medium,high,high,high,centre,male,60+,low
20811,CH,medium,high,high,medium,medium,medium,high,high,high,high,centre,female,45-59,medium
22426,CZ,high,low,low,low,low,low,low,high,low,low,centre,female,60+,medium
22892,CZ,medium,high,medium,low,low,medium,low,high,medium,low,centre,female,18-29,medium
16440,CZ,high,high,high,high,high,low,low,high,medium,medium,right,female,30-44,high
10182,CZ,medium,low,low,medium,medium,high,low,medium,medium,high,right,male,60+,high
25232,CZ,medium,high,high,medium,medium,medium,low,high,high,medium,right,male,45-59,medium
16293,CZ,low,high,medium,low,low,high,low,high,high,medium,left,female,45-59,medium
18101,CZ,low,medium,medium,low,low,medium,low,high,medium,low,centre,female,30-44,high
10598,CZ,high,high,high,high,high,low,low,high,medium,medium,centre,female,45-59,medium
25155,CZ,high,high,high,high,high,medium,high,high,high,high,right,female,60+,high
23648,CZ,medium,high,high,medium,medium,medium,medium,medium,medium,low,centre,male,30-44,medium
17877,CZ,medium,high,medium,medium,medium,low,low,medium,medium,medium,centre,female,60+,medium
17630,CZ,high,medium,high,high,high,low,low,high,high,high,centre,female,45-59,high
16872,CZ,low,high,high,low,low,low,low,high,medium,medium,centre,male,18-29,low
20717,CZ,low,medium,high,low,low,low,low,high,low,low,right,female,45-59,high
26868,CZ,medium,medium,high,high,medium,medium,medium,high,high,medium,centre,female,30-44,high
10502,CZ,medium,medium,high,low,low,low,medium,medium,medium,medium,left,female,45-59,medium
13666,CZ,low,low,low,low,low,medium,low,medium,medium,medium,left,female,30-44,medium
14400,CZ,medium,low,medium,low,low,medium,low,high,low,low,left,female,60+,medium
11636,CZ,medium,high,high,high,medium,low,low,high,medium,high,centre,female,60+,high
11040,CZ,medium,medium,high,medium,medium,medium,low,high,medium,high,right,female,18-29,high
19879,CZ,low,low,medium,low,low,medium,low,high,low,low,left,female,60+,medium
18717,CZ,medium,high,high,medium,medium,high,low,high,medium,medium,centre,male,45-59,high
10262,CZ,high,medium,medium,high,high,high,low,high,medium,medium,centre,male,45-59,medium
27032,CZ,low,low,medium,low,low,low,low,high,high,high,centre,male,18-29,medium
18036,CZ,medium,medium,high,low,low,low,low,high,medium,medium,centre,male,45-59,medium
14311,CZ,medium,high,high,low,low,low,low,high,low,low,left,male,60+,medium
23681,CZ,low,medium,high,low,low,low,low,high,high,medium,centre,male,45-59,medium
19404,CZ,high,high,high,medium,medium,medium,low,high,high,high,centre,female,60+,high
15502,CZ,medium,medium,medium,medium,medium,medium,low,high,medium,medium,centre,female,18-29,medium
25465,CZ,low,low,low,low,low,medium,low,high,low,low,right,female,60+,medium
26935,CZ,high,low,medium,high,medium,low,medium,high,low,low,right,male,30-44,high
15525,CZ,high,medium,high,medium,medium,medium,medium,high,medium,medium,centre,male,60+,medium
25802,CZ,low,low,high,low,low,low,high,high,low,low,centre,female,30-44,high
17231,CZ,medium,medium,high,high,medium,medium,high,medium,medium,high,centre,male,60+,medium
16097,CZ,low,low,low,low,medium,medium,high,medium,low,low,right,female,60+,medium
22991,CZ,medium,high,high,medium,medium,low,medium,high,medium,medium,centre,female,30-44,high
18991,CZ,high,high,high,high,high,medium,high,high,high,high,right,female,30-44,medium
27098,CZ,medium,medium,medium,medium,medium,medium,low,high,medium,low,centre,female,30-44,high
16226,CZ,medium,high,high,medium,low,medium,low,high,medium,medium,right,female,18-29,medium
20013,CZ,high,high,high,high,high,medium,low,high,medium,low,right,male,30-44,high
17413,CZ,high,high,high,medium,medium,medium,low,high,medium,medium,centre,female,30-44,medium
12863,CZ,medium,medium,high,medium,medium,high,low,medium,high,medium,right,male,18-29,high
16094,CZ,high,high,high,high,high,medium,low,high,medium,high,right,female,45-59,high
16718,CZ,low,low,low,medium,low,low,low,medium,high,high,right,male,45-59,high
23443,CZ,medium,medium,high,medium,medium,low,low,high,high,medium,centre,female,30-44,high
23066,CZ,medium,high,high,high,high,high,low,high,high,high,centre,female,18-29,high
24791,CZ,high,high,high,high,low,high,low,high,medium,high,centre,female,60+,high
22626,CZ,high,high,high,high,high,high,low,high,medium,medium,right,male,45-59,high
11928,CZ,medium,medium,low,medium,medium,medium,low,medium,medium,medium,left,male,45-59,high
25576,CZ,low,medium,medium,low,low,low,low,medium,low,low,centre,male,60+,medium
26624,CZ,low,low,low,low,low,medium,low,high,medium,low,centre,female,45-59,high
14851,CZ,medium,medium,medium,medium,medium,medium,low,high,high,high,centre,male,45-59,high
25813,CZ,high,high,high,high,high,medium,medium,medium,high,high,right,male,60+,medium
22259,CZ,high,medium,high,low,low,low,low,high,medium,low,centre,female,60+,medium
26559,CZ,low,medium,low,medium,medium,medium,low,high,medium,medium,centre,male,60+,high
13552,CZ,low,medium,medium,low,low,low,low,high,medium,medium,left,female,45-59,high
13319,CZ,low,high,high,low,low,medium,low,medium,low,low,right,male,60+,medium
26846,CZ,high,low,high,low,low,low,low,high,medium,high,centre,female,60+,medium
20838,CZ,medium,medium,high,low,low,medium,medium,medium,medium,low,right,male,45-59,medium
10611,CZ,medium,high,high,low,medium,medium,low,high,medium,low,centre,female,18-29,medium
20884,CZ,low,low,medium,low,low,low,low,low,low,low,left,female,30-44,high
11835,CZ,medium,medium,high,medium,medium,medium,high,high,medium,low,right,male,18-29,medium
27704,CZ,low,low,medium,low,low,low,low,low,low,low,centre,male,60+,medium
14002,CZ,high,high,high,low,medium,medium,low,high,medium,medium,right,male,18-29,medium
10946,CZ,medium,medium,medium,medium,medium,medium,low,high,medium,low,right,female,45-59,medium
23739,CZ,high,high,high,high,high,medium,low,medium,high,high,centre,female,60+,high
17484,CZ,medium,medium,medium,medium,low,low,low,medium,low,low,right,female,45-59,high
16584,CZ,low,low,low,low,low,medium,low,medium,low,low,left,male,45-59,medium
12850,CZ,medium,high,medium,high,high,high,high,high,medium,high,right,male,30-44,high
21422,CZ,high,high,high,medium,medium,medium,low,medium,medium,high,centre,male,45-59,medium
13443,CZ,medium,medium,high,medium,medium,low,medium,high,high,high,centre,female,45-59,high
23459,CZ,low,low,medium,low,low,low,low,high,low,low,right,male,30-44,medium
24005,CZ,medium,medium,high,medium,medium,medium,low,high,high,low,centre,female,18-29,medium
24638,CZ,low,low,medium,low,low,low,low,medium,low,low,centre,male,30-44,medium
23074,CZ,low,low,low,low,low,medium,low,low,low,low,centre,male,18-29,low
27583,CZ,medium,medium,medium,medium,medium,low,low,low,medium,medium,right,male,30-44,medium
15742,CZ,medium,medium,medium,low,low,medium,medium,high,medium,low,centre,female,18-29,high
25113,CZ,low,medium,high,low,low,low,low,high,low,low,centre,female,45-59,medium
10699,CZ,medium,low,high,medium,medium,low,low,high,medium,high,right,male,60+,medium
21791,CZ,low,medium,high,low,low,low,low,low,medium,low,left,female,30-44,high
17502,CZ,medium,high,high,high,high,medium,high,medium,medium,high,centre,female,45-59,medium
27321,CZ,high,high,high,high,high,medium,high,high,high,high,right,male,45-59,high
25429,CZ,medium,medium,medium,medium,medium,medium,low,medium,medium,high,right,female,30-44,medium
15115,CZ,low,low,low,low,low,low,low,high,medium,medium,centre,male,60+,medium
20342,CZ,low,medium,medium,low,low,medium,low,high,low,low,right,female,60+,high
13318,CZ,high,high,high,high,high,medium,medium,high,medium,high,centre,male,30-44,high
10802,CZ,high,medium,medium,high,medium,medium,low,low,medium,medium,right,female,45-59,medium
16966,CZ,medium,medium,medium,medium,medium,medium,low,medium,medium,high,centre,male,60+,medium
27699,CZ,medium,high,high,medium,medium,high,low,high,medium,medium,left,female,45-59,medium
17258,CZ,high,high,high,high,medium,medium,medium,medium,medium,medium,centre,male,60+,medium
11970,CZ,low,high,medium,medium,low,low,low,medium,low,medium,right,female,18-29,high
18863,CZ,low,low,medium,low,medium,medium,low,high,medium,low,right,female,30-44,high
14014,CZ,medium,medium,medium,medium,medium,high,low,high,medium,low,left,male,30-44,high
10486,CZ,medium,medium,high,low,low,high,medium,high,low,low,centre,female,30-44,high
17473,CZ,high,high,high,high,high,low,medium,medium,medium,low,left,female,45-59,high
22249,CZ,medium,high,medium,medium,medium,low,high,high,medium,high,centre,male,45-59,low
18832,CZ,medium,medium,high,medium,medium,low,high,high,high,medium,right,female,30-44,high
22486,CZ,high,high,high,high,high,high,low,medium,medium,medium,centre,female,18-29,high
20247,CZ,high,high,high,medium,medium,medium,low,high,medium,high,left,male,30-44,high
13359,CZ,low,medium,medium,low,low,low,medium,high,low,low,right,male,60+,medium
11830,EE,high,high,high,medium,medium,medium,low,high,high,high,right,male,60+,high
24758,EE,medium,high,high,medium,medium,medium,low,high,high,medium,centre,male,30-44,high
17097,EE,medium,high,medium,low,low,medium,high,high,high,low,centre,female,30-44,high
20946,EE,low,low,medium,low,medium,medium,medium,high,low,low,right,female,60+,medium
12554,EE,medium,high,high,medium,medium,medium,low,high,medium,medium,centre,male,30-44,high
14782,EE,medium,high,high,medium,medium,low,medium,high,high,medium,left,female,60+,low
17827,EE,high,high,high,medium,medium,medium,medium,high,high,medium,centre,male,18-29,high
13955,EE,high,medium,high,high,medium,low,medium,high,high,high,centre,female,60+,medium
11960,EE,medium,low,low,low,low,low,high,high,medium,high,centre,male,45-59,medium
14071,EE,medium,medium,high,low,low,medium,low,high,medium,low,left,male,45-59,medium
14698,EE,high,high,high,high,medium,high,medium,high,high,medium,right,male,60+,high
16953,EE,medium,high,high,medium,high,high,high,high,medium,medium,centre,female,18-29,medium
15968,EE,medium,high,high,low,low,high,high,high,high,low,right,male,30-44,high
21296,EE,low,low,medium,low,low,medium,low,low,low,low,left,female,60+,high
25084,EE,low,medium,medium,low,low,medium,low,medium,low,low,left,male,30-44,medium
10954,EE,low,low,medium,medium,medium,low,high,medium,medium,medium,centre,female,60+,low
24458,EE,high,high,high,medium,medium,high,low,high,medium,medium,right,male,30-44,high
18883,EE,medium,high,high,high,high,high,medium,high,high,high,centre,female,60+,high
15593,EE,high,high,high,high,high,medium,low,high,high,high,centre,female,18-29,medium
14226,EE,medium,high,high,medium,medium,medium,medium,high,medium,medium,centre,female,45-59,high
17925,EE,low,low,low,low,low,low,low,low,medium,low,centre,male,60+,low
11115,EE,medium,high,high,medium,medium,medium,low,high,high,high,centre,male,60+,high
24950,EE,high,high,high,medium,medium,medium,high,high,high,high,right,male,45-59,high
17242,EE,low,medium,high,low,low,medium,medium,high,medium,low,centre,female,45-59,high
10087,EE,low,medium,medium,low,low,high,low,high,medium,low,centre,female,60+,medium
27020,EE,medium,medium,high,low,low,high,low,high,high,high,centre,female,60+,high
20008,EE,high,high,high,high,high,high,low,high,high,medium,centre,male,45-59,high
25052,EE,high,high,high,medium,medium,medium,high,high,high,high,right,female,30-44,high
20293,EE,low,medium,medium,medium,medium,medium,low,high,high,medium,centre,female,60+,medium
19124,EE,low,medium,medium,low,low,medium,medium,high,low,medium,centre,female,30-44,low
15480,EE,high,high,high,high,medium,medium,low,medium,medium,medium,centre,female,30-44,high
26747,EE,medium,medium,high,low,low,medium,low,high,low,low,left,male,60+,high
12709,EE,medium,high,high,medium,medium,medium,medium,medium,medium,low,centre,female,30-44,high
11307,EE,medium,high,high,medium,medium,medium,high,high,high,medium,centre,female,30-44,medium
21732,EE,medium,medium,medium,medium,medium,low,low,medium,medium,medium,centre,female,60+,low
13256,EE,medium,medium,medium,low,low,medium,low,medium,medium,low,centre,female,60+,medium
26184,EE,medium,low,medium,medium,medium,low,medium,high,low,low,right,male,60+,high
21916,EE,medium,medium,medium,medium,medium,high,low,medium,medium,medium,centre,female,18-29,medium
14990,EE,medium,low,low,low,low,high,high,high,medium,low,centre,female,30-44,high
10371,EE,low,low,medium,low,low,medium,low,low,medium,low,right,male,45-59,medium
26182,EE,low,high,high,low,low,medium,low,high,high,low,centre,male,30-44,high
23490,EE,high,high,high,high,medium,high,medium,high,high,medium,centre,female,45-59,high
13073,EE,high,high,high,high,high,high,high,high,high,high,right,female,30-44,high
26537,EE,medium,high,high,medium,medium,medium,low,medium,medium,medium,centre,female,60+,high
10918,EE,high,high,high,high,high,high,low,high,high,high,right,female,18-29,high
15353,EE,medium,high,high,medium,medium,medium,low,high,high,high,centre,male,60+,high
18023,EE,medium,medium,medium,low,low,low,low,medium,medium,medium,left,male,45-59,medium
16919,EE,medium,medium,high,medium,medium,high,medium,high,medium,medium,centre,female,30-44,high
10591,EE,high,medium,medium,medium,medium,medium,high,medium,medium,high,centre,male,45-59,medium
16342,EE,medium,medium,medium,medium,medium,low,low,high,high,medium,centre,male,60+,medium
26343,EE,high,medium,high,medium,low,high,low,high,high,medium,centre,female,30-44,high
26311,EE,high,high,high,medium,medium,medium,medium,high,medium,medium,centre,male,30-44,high
26404,EE,medium,low,high,medium,medium,low,low,high,medium,low,centre,male,45-59,medium
27259,EE,medium,medium,high,medium,medium,medium,low,high,medium,medium,left,female,60+,high
27194,EE,medium,medium,medium,medium,medium,medium,low,medium,medium,medium,centre,female,60+,medium
20804,EE,medium,high,high,medium,low,medium,low,high,high,medium,right,female,45-59,high
21887,EE,high,high,high,high,high,high,low,high,high,high,left,male,30-44,high
27720,EE,low,high,high,low,low,medium,high,high,high,medium,centre,male,30-44,high
11690,EE,high,medium,high,medium,medium,medium,low,medium,medium,medium,centre,female,30-44,low
27204,EE,medium,high,high,medium,low,high,medium,high,medium,medium,centre,male,60+,medium
17646,EE,low,medium,high,medium,medium,low,high,high,low,medium,centre,female,45-59,high
22445,EE,low,low,medium,medium,medium,medium,high,high,medium,medium,centre,male,45-59,medium
15303,EE,medium,medium,high,medium,medium,medium,high,high,medium,medium,centre,female,45-59,high
21486,EE,medium,high,high,medium,low,high,low,high,high,high,left,male,30-44,medium
25363,EE,high,medium,high,medium,medium,medium,low,high,low,high,centre,female,60+,high
19630,EE,high,high,high,medium,medium,high,low,high,high,high,right,female,45-59,high
26266,EE,low,high,high,low,low,medium,low,medium,medium,low,centre,male,30-44,low
21047,EE,high,medium,high,medium,medium,high,medium,high,high,high,right,female,30-44,medium
14882,EE,medium,medium,medium,low,medium,low,high,high,high,high,centre,female,30-44,high
27710,EE,medium,medium,high,low,low,low,low,medium,medium,low,centre,female,30-44,low
22441,EE,low,low,high,low,low,medium,medium,high,medium,low,centre,male,60+,medium
12065,EE,medium,medium,medium,medium,medium,low,high,high,high,high,centre,female,60+,high
20360,EE,high,high,high,medium,high,medium,low,high,high,high,right,male,60+,high
17047,EE,high,high,high,low,low,medium,low,high,medium,high,centre,male,30-44,high
17838,EE,medium,high,high,medium,medium,medium,low,high,medium,low,centre,female,45-59,high
11875,EE,high,high,high,medium,medium,high,low,high,medium,high,centre,female,30-44,high
26412,EE,high,high,high,medium,medium,high,low,high,high,high,left,female,60+,high
22724,EE,low,low,medium,low,low,medium,low,high,medium,low,centre,male,45-59,high
16701,EE,medium,medium,high,medium,low,medium,low,high,high,high,centre,male,30-44,medium
15325,EE,medium,high,high,low,low,medium,low,high,medium,low,centre,male,60+,medium
14370,EE,medium,low,medium,medium,medium,medium,high,high,high,medium,centre,female,60+,medium
19809,EE,high,high,high,medium,medium,medium,low,high,high,low,right,female,30-44,high
12509,EE,low,medium,medium,low,low,medium,low,high,medium,medium,centre,female,60+,medium
24444,EE,medium,high,high,medium,medium,medium,low,medium,medium,medium,right,male,30-44,high
10878,EE,low,high,high,low,low,high,medium,medium,medium,medium,centre,female,45-59,medium
20104,EE,high,high,high,high,high,low,low,high,low,low,centre,female,60+,medium
19094,EE,medium,medium,high,medium,medium,medium,low,high,medium,medium,centre,female,45-59,high
23005,EE,medium,high,high,medium,medium,high,low,high,high,medium,centre,male,18-29,high
18564,EE,medium,high,high,low,medium,low,low,medium,high,high,right,female,60+,high
18653,EE,low,high,high,low,low,high,low,high,low,high,right,male,18-29,low
11980,EE,high,high,high,high,high,low,low,high,high,high,right,female,60+,medium
14068,EE,low,high,high,low,low,medium,medium,high,high,low,right,female,60+,high
12121,EE,low,low,low,low,low,medium,high,high,low,low,right,female,60+,medium
27390,EE,medium,high,high,medium,medium,medium,high,high,medium,medium,right,female,60+,high
27339,EE,medium,high,high,medium,medium,medium,low,high,medium,medium,centre,male,18-29,medium
27401,EE,medium,high,high,medium,medium,medium,medium,high,high,low,centre,female,45-59,high
12469,EE,medium,medium,high,low,low,medium,low,high,high,low,right,male,60+,high
13576,EE,medium,high,high,medium,medium,medium,high,high,medium,medium,centre,male,45-59,high
22373,EE,high,high,high,high,medium,medium,low,high,high,high,right,female,60+,high
23401,EE,medium,low,low,low,low,medium,medium,medium,medium,low,centre,male,18-29,medium
11174,FI,medium,high,high,medium,medium,medium,high,high,low,low,centre,male,45-59,high
10379,FI,high,high,high,high,high,high,medium,high,high,medium,right,male,30-44,high
13950,FI,medium,high,high,medium,medium,medium,low,high,medium,low,centre,male,30-44,high
20962,FI,medium,high,high,medium,medium,medium,medium,high,high,medium,right,male,60+,high
10003,FI,medium,medium,medium,medium,medium,medium,low,high,medium,low,centre,female,18-29,medium
14090,FI,medium,low,high,low,low,medium,high,low,low,medium,right,male,60+,high
11970,FI,high,high,high,medium,medium,high,medium,high,high,high,centre,male,45-59,high
20591,FI,high,high,high,high,high,high,high,high,high,high,centre,female,60+,high
15742,FI,medium,high,high,low,low,medium,low,low,low,low,right,male,18-29,high
21874,FI,high,high,high,high,high,medium,medium,high,high,high,right,female,60+,high
24967,FI,high,high,high,high,high,medium,medium,high,high,high,right,male,45-59,high
22274,FI,medium,high,high,high,high,high,high,high,high,medium,right,female,60+,low
10333,FI,medium,medium,high,medium,medium,high,high,high,medium,medium,centre,female,60+,high
26876,FI,high,high,high,medium,high,high,low,high,high,high,left,male,60+,high
19322,FI,medium,high,high,medium,medium,medium,high,high,high,high,centre,female,60+,medium
19028,FI,medium,medium,high,low,low,low,medium,high,low,low,right,female,60+,low
14657,FI,high,high,high,medium,medium,high,low,high,high,high,centre,female,30-44,high
19225,FI,high,high,high,high,medium,high,medium,high,medium,high,right,female,60+,medium
15604,FI,high,high,high,high,medium,medium,low,high,high,high,centre,male,18-29,medium
19471,FI,high,high,high,high,high,high,low,high,high,high,left,female,30-44,high
18434,FI,medium,high,medium,medium,low,high,low,high,high,high,left,male,60+,high
20858,FI,high,high,high,medium,medium,high,high,high,high,high,centre,female,60+,high
16896,FI,high,medium,high,medium,medium,high,low,high,high,high,left,female,18-29,low
22300,FI,medium,high,high,medium,medium,high,high,medium,high,medium,centre,male,60+,high
22145,FI,high,high,high,high,high,high,high,high,high,high,right,male,45-59,high
10141,FI,high,high,high,high,high,high,high,high,high,high,right,female,60+,high
15472,FI,medium,high,high,low,medium,low,medium,high,medium,low,right,male,30-44,medium
11216,FI,medium,high,high,medium,medium,high,low,high,high,high,left,female,60+,high
27014,FI,low,high,high,medium,medium,high,medium,high,high,medium,centre,female,60+,low
20560,FI,medium,high,high,medium,medium,medium,low,high,high,medium,right,male,18-29,medium
13967,FI,high,high,high,medium,medium,medium,low,high,medium,high,right,male,60+,high
24515,FI,high,high,high,high,high,medium,low,high,high,high,right,male,45-59,high
17455,FI,high,high,high,high,high,high,low,high,high,high,left,male,18-29,high
15602,FI,medium,high,high,high,high,high,high,high,high,high,right,female,60+,low
24257,FI,high,high,high,high,high,high,medium,high,high,high,centre,female,60+,high
14369,FI,high,high,high,high,medium,high,high,high,high,low,right,male,60+,high
11944,FI,medium,high,high,medium,medium,medium,medium,high,medium,medium,centre,male,60+,medium
21406,FI,high,high,high,medium,high,medium,high,high,high,high,left,male,60+,medium
23660,FI,high,high,high,high,high,high,medium,high,high,high,centre,female,18-29,low
13629,FI,high,high,high,low,medium,low,low,high,high,high,left,male,45-59,high
10557,FI,high,high,high,medium,medium,medium,medium,high,medium,high,centre,female,60+,low
21828,FI,medium,medium,high,medium,medium,medium,high,high,high,medium,right,female,60+,high
11195,FI,high,high,high,high,high,high,medium,high,high,high,right,female,45-59,high
17894,FI,high,high,high,high,high,medium,high,high,high,high,right,male,60+,low
14737,FI,high,high,high,high,high,high,low,high,medium,medium,centre,male,60+,high
11429,FI,high,high,high,high,high,medium,high,high,high,high,right,female,60+,medium
22860,FI,high,high,high,high,high,high,medium,high,medium,high,centre,female,45-59,high
27038,FI,high,high,medium,medium,high,high,high,high,high,high,right,female,60+,low
17631,FI,high,high,high,medium,medium,medium,medium,high,medium,high,centre,female,30-44,high
13039,FI,low,high,high,low,low,high,medium,high,high,low,right,male,60+,medium
21473,FI,high,high,high,high,high,medium,low,high,medium,high,centre,female,18-29,medium
22273,FI,high,high,high,medium,medium,high,low,high,high,high,centre,female,30-44,high
19350,FI,high,high,high,high,medium,high,high,high,medium,high,right,female,60+,high
12973,FI,high,high,high,high,medium,medium,low,high,high,high,centre,female,30-44,high
10958,FI,high,high,high,high,high,high,low,high,high,high,centre,female,60+,high
13373,FI,high,high,high,medium,high,medium,high,high,medium,medium,centre,female,60+,low
18171,FI,medium,medium,high,medium,medium,low,high,high,medium,medium,right,female,60+,high
15163,FI,high,high,high,high,medium,medium,medium,medium,high,high,centre,male,18-29,low
18052,FI,medium,high,high,low,low,low,low,high,medium,low,centre,male,45-59,high
20030,FI,high,high,high,medium,medium,high,low,high,medium,medium,right,male,60+,high
16436,FI,high,high,high,high,high,high,low,high,high,high,centre,male,60+,high
15082,FI,high,high,high,medium,medium,high,high,high,medium,medium,right,female,45-59,high
21981,FI,high,high,high,medium,medium,medium,low,high,high,high,centre,male,60+,high
11503,FI,medium,medium,high,medium,medium,low,high,medium,medium,low,right,female,60+,medium
24583,FI,high,high,high,high,high,high,low,high,medium,high,centre,male,45-59,medium
18818,FI,low,medium,low,low,medium,medium,low,high,medium,high,left,male,60+,high
15726,FI,high,high,high,medium,medium,high,low,high,high,high,centre,female,30-44,high
16739,FI,low,high,high,medium,medium,medium,high,high,medium,low,right,female,60+,high
25845,FI,medium,medium,high,low,low,low,low,high,medium,low,centre,male,18-29,medium
14380,FI,high,high,high,high,high,high,medium,high,high,high,centre,female,30-44,high
14618,FI,medium,high,high,high,high,medium,high,high,high,high,centre,male,60+,high
21241,FI,medium,medium,high,medium,medium,high,low,high,high,medium,right,female,30-44,high
22233,FI,low,high,high,low,medium,high,medium,high,medium,medium,right,female,60+,low
21239,FI,high,high,high,medium,low,medium,low,high,high,high,centre,male,30-44,medium
26136,FI,high,high,high,high,medium,medium,high,high,medium,high,centre,female,30-44,high
27070,FI,medium,medium,high,medium,medium,medium,medium,high,medium,medium,right,male,60+,medium
23573,FI,high,high,high,low,low,high,high,low,low,high,centre,female,45-59,high
12178,FI,high,high,high,high,high,high,high,high,high,high,right,female,18-29,low
14893,FI,high,high,high,medium,medium,high,low,high,high,medium,right,female,45-59,high
17855,FI,medium,high,high,medium,medium,medium,medium,high,medium,medium,right,female,45-59,high
22509,FI,high,high,high,medium,high,high,high,high,high,high,centre,female,30-44,high
24476,FI,high,high,high,high,high,high,low,high,high,high,right,female,45-59,high
13141,FI,medium,high,low,medium,medium,high,low,high,medium,medium,left,female,30-44,high
25497,FI,medium,medium,high,medium,medium,medium,medium,high,medium,high,centre,male,60+,low
21635,FI,high,high,high,high,high,medium,low,high,high,high,centre,female,30-44,high
25537,FI,medium,high,high,medium,medium,high,low,low,low,high,centre,female,45-59,high
23194,FI,high,high,high,high,high,medium,high,high,high,high,centre,female,60+,high
11451,FI,high,high,high,medium,medium,low,medium,medium,medium,medium,centre,male,60+,medium
22903,FI,high,high,high,medium,medium,high,low,high,high,high,left,male,60+,high
14709,FI,low,high,high,low,low,medium,medium,medium,medium,low,centre,male,45-59,medium
12366,FI,medium,high,high,medium,medium,medium,low,high,medium,medium,right,male,30-44,medium
12865,FI,medium,high,high,medium,medium,medium,low,medium,medium,medium,left,female,18-29,medium
17498,FI,medium,medium,high,medium,medium,low,medium,high,low,low,right,male,45-59,high
17241,FI,medium,medium,high,medium,medium,medium,medium,high,high,medium,right,male,30-44,medium
22370,FI,low,medium,high,low,low,low,medium,high,low,low,centre,female,60+,high
21978,FI,high,high,high,high,high,medium,medium,high,high,high,centre,male,30-44,medium
11432,FI,high,high,high,high,high,medium,low,high,medium,low,right,male,30-44,high
11387,FI,high,high,high,high,high,medium,high,high,medium,medium,right,male,45-59,high
26078,FI,medium,medium,high,low,medium,medium,high,high,high,medium,right,male,45-59,high
19856,FI,high,high,high,medium,medium,high,high,high,medium,high,centre,female,30-44,high
23532,FR,high,medium,high,medium,medium,medium,high,medium,medium,medium,right,female,60+,medium
14622,FR,low,low,high,low,low,low,high,high,medium,low,right,male,60+,medium
17940,FR,low,low,low,low,low,low,low,high,low,low,right,male,30-44,low
15427,FR,medium,high,high,medium,low,medium,low,high,medium,medium,centre,male,45-59,high
26491,FR,high,high,high,medium,low,high,low,high,medium,medium,left,female,45-59,high
17973,FR,low,low,medium,low,low,low,low,low,low,low,centre,female,60+,low
24026,FR,low,low,medium,low,low,low,low,low,low,low,right,male,45-59,medium
21542,FR,high,high,high,medium,medium,high,low,high,medium,medium,right,male,45-59,high
25282,FR,high,medium,high,medium,medium,high,high,high,low,low,centre,male,18-29,medium
13834,FR,high,high,high,high,medium,high,low,high,medium,high,centre,male,18-29,medium
26327,FR,low,high,high,high,medium,medium,high,high,high,high,right,female,60+,medium
12243,FR,medium,high,high,medium,medium,medium,medium,high,medium,medium,centre,male,45-59,medium
10961,FR,medium,medium,high,medium,medium,medium,high,high,medium,high,centre,female,60+,high
17814,FR,high,medium,low,high,low,medium,high,medium,medium,high,centre,male,45-59,high
13791,FR,medium,high,high,low,low,medium,low,medium,low,low,left,female,45-59,medium
10438,FR,low,low,low,low,low,medium,high,high,medium,low,centre,male,30-44,high
21906,FR,high,high,high,high,high,medium,low,high,high,high,centre,male,18-29,medium
23112,FR,medium,medium,high,medium,medium,medium,high,high,medium,medium,right,male,60+,low
20491,FR,high,high,high,low,low,high,medium,high,high,medium,centre,male,45-59,high
24822,FR,high,high,high,medium,medium,medium,high,low,low,low,left,male,60+,high
15205,FR,low,medium,medium,low,low,medium,low,low,low,medium,centre,male,60+,medium
20849,FR,medium,low,medium,medium,low,medium,medium,high,medium,medium,centre,male,60+,medium
23441,FR,medium,medium,high,low,low,medium,low,high,medium,medium,left,male,60+,medium
14270,FR,medium,high,medium,medium,medium,high,medium,high,high,high,centre,male,30-44,high
15663,FR,medium,high,high,medium,high,medium,medium,high,medium,medium,centre,female,30-44,medium
12816,FR,medium,high,high,medium,medium,medium,medium,high,medium,medium,centre,female,60+,medium
22325,FR,low,low,medium,low,low,low,medium,low,low,low,centre,female,18-29,medium
24401,FR,high,high,high,medium,high,medium,medium,high,high,high,left,female,60+,medium
23747,FR,medium,medium,high,high,high,medium,high,high,medium,high,right,male,60+,low
27881,FR,medium,high,high,medium,medium,high,medium,high,high,high,right,female,30-44,high
23499,FR,low,low,low,medium,medium,high,low,high,medium,low,left,male,18-29,medium
25928,FR,low,high,medium,low,low,high,low,medium,low,low,left,male,30-44,high
18697,FR,low,low,high,low,low,low,low,high,medium,medium,centre,female,30-44,medium
17777,FR,low,medium,medium,low,low,medium,low,high,low,medium,left,male,45-59,high
26197,FR,medium,high,high,medium,medium,medium,medium,high,medium,medium,centre,female,60+,low
27857,FR,high,high,high,medium,medium,medium,low,high,high,high,right,male,60+,high
13456,FR,low,low,low,low,low,high,low,low,low,low,right,female,18-29,medium
24986,FR,high,high,high,medium,medium,medium,high,low,low,low,right,female,30-44,high
18945,FR,medium,medium,high,medium,low,low,high,high,high,high,right,female,60+,medium
23053,FR,low,medium,medium,low,low,low,medium,low,low,low,left,male,45-59,medium
22549,FR,medium,high,high,medium,medium,medium,low,high,high,high,left,male,45-59,medium
27211,FR,medium,low,medium,medium,low,high,low,high,medium,medium,centre,male,60+,high
18279,FR,low,low,medium,low,low,medium,medium,high,low,low,right,male,30-44,medium
19704,FR,medium,medium,high,medium,low,medium,low,high,high,medium,centre,female,60+,low
12349,FR,medium,high,high,high,high,medium,high,high,medium,high,centre,female,45-59,medium
23959,FR,low,medium,medium,low,low,medium,low,low,low,low,left,female,45-59,high
27036,FR,medium,medium,high,low,low,medium,medium,high,low,medium,right,male,30-44,high
20324,FR,low,low,low,low,low,high,low,medium,medium,medium,left,female,18-29,medium
26609,FR,low,medium,high,low,low,medium,low,high,medium,medium,centre,female,30-44,high
21481,FR,low,low,low,medium,medium,high,low,high,low,low,left,female,18-29,medium
12339,FR,low,medium,medium,low,low,low,low,medium,low,low,left,female,45-59,low
11014,FR,medium,medium,medium,medium,low,high,low,high,low,low,centre,male,45-59,medium
10005,FR,medium,high,high,high,high,medium,high,high,low,low,centre,female,18-29,medium
12358,FR,medium,high,medium,medium,high,high,low,medium,low,low,left,male,60+,medium
26618,FR,high,high,high,high,high,high,low,high,medium,high,right,male,18-29,medium
21818,FR,medium,high,low,low,low,high,medium,high,medium,medium,left,male,18-29,high
15201,FR,low,medium,medium,low,low,medium,high,high,low,medium,centre,male,60+,high
19362,FR,low,low,low,low,low,low,high,medium,medium,low,right,male,18-29,high
10096,FR,low,low,medium,low,low,medium,low,medium,medium,low,centre,male,45-59,high
22115,FR,high,medium,high,medium,medium,high,medium,high,high,medium,right,male,60+,high
12852,FR,high,high,medium,medium,medium,medium,low,high,high,medium,left,female,18-29,high
25343,FR,medium,medium,medium,medium,medium,medium,medium,medium,medium,medium,centre,male,30-44,medium
11479,FR,medium,high,high,medium,medium,high,high,high,medium,high,right,female,60+,medium
23904,FR,medium,medium,medium,low,low,medium,medium,high,low,high,centre,male,18-29,medium
25098,FR,high,high,high,medium,medium,medium,low,high,medium,medium,right,female,30-44,high
24189,FR,medium,medium,low,low,medium,high,low,medium,low,medium,left,female,18-29,high
15748,FR,medium,high,high,low,low,medium,medium,medium,low,medium,centre,male,45-59,high
25063,FR,low,low,medium,low,low,medium,low,medium,low,low,left,female,60+,low
24030,FR,high,medium,high,medium,medium,medium,high,high,medium,high,right,female,60+,high
21681,FR,medium,high,high,medium,medium,high,medium,medium,medium,low,left,male,60+,medium
17629,FR,high,high,high,medium,medium,medium,high,high,low,high,centre,male,45-59,medium
13585,FR,low,high,medium,low,low,medium,low,high,medium,low,centre,male,45-59,medium
26783,FR,medium,high,high,medium,medium,medium,medium,high,medium,medium,right,female,60+,medium
25038,FR,low,high,high,low,low,high,low,low,low,low,left,male,30-44,high
26348,FR,high,high,high,high,low,high,medium,high,high,high,centre,male,45-59,high
20873,FR,medium,high,high,low,low,medium,medium,high,medium,high,centre,female,60+,medium
17963,FR,medium,medium,medium,low,low,medium,medium,medium,low,low,centre,male,60+,medium
12094,FR,medium,low,high,low,low,medium,high,high,medium,high,right,female,60+,high
14004,FR,low,medium,high,low,low,high,low,high,medium,medium,centre,male,30-44,high
26210,FR,low,low,high,low,low,low,high,high,low,low,right,female,60+,low
22444,FR,high,high,high,high,medium,low,medium,high,medium,medium,centre,female,45-59,medium
17320,FR,low,high,high,low,low,medium,low,high,low,low,centre,male,60+,low
20044,FR,low,high,high,low,low,medium,low,medium,low,low,centre,male,45-59,high
18565,FR,high,high,high,high,high,medium,low,high,high,high,centre,female,60+,high
19637,FR,high,medium,high,medium,medium,medium,low,high,high,medium,centre,male,30-44,high
25312,FR,high,high,high,medium,medium,medium,medium,high,medium,high,centre,female,60+,medium
24551,FR,low,medium,low,low,low,low,low,high,low,low,left,female,18-29,medium
23072,FR,medium,low,high,medium,low,low,medium,medium,low,low,centre,female,60+,low
12456,FR,medium,medium,high,low,low,medium,medium,high,medium,high,right,female,45-59,high
27797,FR,medium,medium,low,medium,medium,high,low,medium,medium,medium,left,female,60+,high
27840,FR,low,low,medium,low,low,medium,low,medium,medium,medium,centre,female,60+,medium
10678,FR,high,high,high,medium,medium,medium,high,high,high,high,right,female,60+,high
23596,FR,low,low,medium,low,low,low,medium,medium,medium,low,right,female,45-59,medium
21257,FR,low,high,high,low,low,medium,medium,medium,medium,high,centre,female,30-44,high
23166,FR,medium,medium,high,medium,medium,high,high,high,high,medium,centre,female,30-44,low
24683,FR,medium,medium,high,medium,medium,high,high,high,medium,high,centre,female,60+,medium
10277,FR,medium,high,high,medium,medium,high,high,high,medium,high,right,male,60+,low
12329,FR,medium,medium,high,medium,medium,medium,low,high,medium,medium,centre,female,45-59,medium
11303,FR,medium,medium,low,medium,medium,medium,low,medium,low,medium,centre,female,18-29,low
17430,FR,medium,medium,high,medium,medium,high,low,high,medium,medium,left,male,60+,high
58176,GB,low,medium,medium,medium,low,medium,low,medium,medium,low,centre,male,60+,high
81936,GB,medium,medium,high,low,low,high,low,high,medium,low,centre,male,45-59,medium
57959,GB,low,medium,medium,low,low,high,low,high,medium,low,left,female,45-59,medium
93000,GB,high,high,high,medium,medium,medium,high,high,medium,medium,centre,male,45-59,high
54482,GB,medium,high,high,low,medium,high,high,high,medium,medium,right,female,60+,high
68853,GB,low,low,low,low,low,low,medium,high,low,medium,right,female,60+,high
91640,GB,medium,high,high,medium,medium,medium,low,high,medium,medium,centre,male,18-29,high
80000,GB,medium,high,high,medium,medium,high,low,high,low,low,left,female,60+,high
55087,GB,high,high,high,medium,low,medium,high,high,medium,high,right,female,60+,high
66636,GB,medium,high,medium,low,low,high,low,high,medium,medium,left,female,18-29,high
91296,GB,high,medium,high,medium,medium,high,low,medium,low,medium,right,male,60+,high
66223,GB,medium,high,high,medium,low,high,low,high,low,low,left,male,45-59,high
84194,GB,low,medium,medium,low,low,high,low,high,low,low,centre,female,18-29,high
65385,GB,medium,high,medium,low,low,high,medium,medium,medium,medium,right,female,45-59,high
91533,GB,low,medium,medium,low,low,high,medium,medium,low,low,left,female,60+,high
60523,GB,high,high,medium,medium,high,medium,medium,high,medium,medium,centre,male,60+,high
57325,GB,low,high,medium,low,low,medium,low,medium,medium,low,centre,male,45-59,low
64688,GB,medium,low,medium,low,low,medium,low,high,medium,medium,right,male,60+,medium
50493,GB,high,high,high,medium,medium,high,low,high,high,medium,centre,male,60+,low
84528,GB,low,low,low,low,low,low,low,low,low,low,centre,female,30-44,high
89260,GB,low,medium,high,low,medium,low,low,medium,low,medium,centre,male,45-59,medium
76363,GB,medium,medium,high,low,low,medium,medium,high,medium,medium,centre,male,60+,low
69579,GB,high,high,high,low,low,high,high,high,low,low,centre,male,45-59,medium
84793,GB,medium,medium,high,high,high,high,low,high,high,medium,centre,female,30-44,low
83200,GB,low,low,low,low,low,medium,low,medium,low,low,centre,male,45-59,high
88522,GB,high,medium,medium,medium,medium,high,low,high,medium,low,left,male,60+,high
53329,GB,low,high,high,low,low,high,high,medium,medium,low,centre,female,30-44,high
80670,GB,high,high,high,high,high,medium,medium,high,high,high,right,female,60+,low
80290,GB,medium,high,medium,medium,medium,medium,low,medium,low,low,left,female,30-44,high
68182,GB,high,high,low,low,medium,high,low,high,high,medium,left,female,30-44,high
87782,GB,low,low,low,low,low,high,low,medium,low,low,left,female,45-59,high
92210,GB,low,high,high,low,low,medium,high,high,low,low,centre,female,45-59,high
84960,GB,low,low,medium,low,low,high,low,low,low,low,left,male,60+,medium
84951,GB,medium,medium,high,medium,medium,medium,low,medium,medium,high,centre,female,45-59,low
56305,GB,medium,high,high,medium,medium,high,low,high,medium,medium,centre,female,30-44,high
78800,GB,medium,medium,high,medium,medium,medium,low,low,high,high,centre,male,60+,low
69298,GB,low,low,low,low,low,high,medium,high,medium,medium,right,female,60+,low
85666,GB,low,medium,high,low,low,high,medium,medium,medium,low,left,male,30-44,high
92730,GB,low,high,high,low,low,high,medium,high,low,low,centre,female,60+,high
82546,GB,medium,high,high,medium,high,medium,high,medium,medium,medium,left,female,60+,low
60256,GB,medium,high,high,medium,high,high,high,medium,medium,low,right,female,45-59,high
72072,GB,high,high,high,low,low,high,low,high,low,low,right,female,45-59,high
89219,GB,high,high,high,medium,high,high,low,high,high,medium,right,male,60+,medium
88028,GB,medium,high,high,low,medium,high,low,high,medium,medium,left,female,18-29,high
53143,GB,low,medium,high,low,medium,high,medium,high,medium,medium,right,male,60+,low
51102,GB,high,high,low,medium,medium,medium,high,high,high,high,right,female,60+,medium
60881,GB,medium,medium,medium,medium,medium,medium,medium,high,medium,high,centre,male,60+,medium
59236,GB,medium,medium,medium,low,low,high,low,high,medium,low,left,female,45-59,high
79694,GB,medium,high,high,low,medium,high,medium,high,medium,low,centre,male,30-44,high
56145,GB,low,low,low,low,low,medium,low,medium,low,low,centre,male,60+,high
85020,GB,medium,high,high,low,low,high,medium,high,low,low,centre,male,30-44,high
85273,GB,high,medium,medium,high,high,medium,low,high,low,high,right,female,45-59,high
50535,GB,medium,medium,medium,medium,medium,medium,low,medium,medium,medium,centre,male,18-29,medium
60748,GB,low,medium,low,medium,medium,medium,high,high,medium,low,centre,female,18-29,low
91883,GB,high,high,high,high,high,medium,high,high,high,high,right,female,30-44,high
68035,GB,low,medium,medium,low,medium,high,high,high,medium,low,centre,male,60+,high
55965,GB,low,medium,high,low,low,low,low,high,medium,medium,centre,female,45-59,high
60345,GB,medium,medium,high,low,low,medium,low,high,medium,medium,centre,female,60+,high
64654,GB,medium,high,high,medium,medium,high,low,medium,medium,high,right,female,18-29,low
66481,GB,high,high,high,low,medium,medium,high,high,low,medium,centre,female,60+,low
51802,GB,medium,high,medium,low,medium,high,high,medium,low,low,left,male,30-44,high
52099,GB,high,high,high,low,medium,high,low,high,medium,high,centre,male,30-44,high
79309,GB,medium,high,high,low,medium,medium,low,high,high,high,centre,male,60+,medium
83662,GB,low,medium,high,low,low,high,medium,high,low,low,centre,male,60+,medium
85686,GB,low,high,medium,low,low,high,low,medium,medium,low,left,male,45-59,high
55638,GB,low,medium,medium,low,low,medium,medium,high,medium,low,centre,male,60+,high
61116,GB,low,medium,high,low,low,medium,medium,medium,low,low,centre,female,45-59,high
56784,GB,high,high,high,low,low,medium,low,high,high,high,right,female,45-59,low
70617,GB,high,high,medium,high,high,high,medium,medium,medium,high,right,male,60+,high
77570,GB,low,medium,low,low,low,high,high,medium,medium,medium,centre,male,60+,low
57107,GB,high,high,high,medium,medium,high,low,high,medium,high,centre,female,30-44,high
74531,GB,medium,high,high,low,low,high,low,medium,low,low,left,male,30-44,high
73480,GB,low,low,low,low,low,medium,medium,high,medium,low,right,male,18-29,medium
70909,GB,low,medium,low,low,low,low,low,high,medium,medium,centre,female,45-59,high
51235,GB,low,low,low,low,low,high,medium,high,medium,low,left,female,30-44,high
58031,GB,high,high,high,medium,medium,high,medium,high,medium,high,centre,male,45-59,high
68945,GB,low,medium,high,medium,medium,high,low,high,low,low,left,female,60+,high
60176,GB,high,high,high,high,medium,high,high,medium,medium,medium,right,male,30-44,low
56964,GB,low,high,high,medium,medium,high,medium,high,medium,low,centre,female,30-44,high
71230,GB,medium,medium,medium,low,medium,medium,low,high,medium,high,right,female,45-59,high
53304,GB,low,medium,medium,low,low,medium,high,high,low,low,right,male,30-44,high
61818,GB,medium,high,high,medium,medium,high,low,high,medium,low,centre,female,45-59,low
64767,GB,medium,medium,medium,medium,medium,high,low,high,medium,medium,left,female,60+,low
90780,GB,medium,medium,high,medium,medium,high,low,high,medium,low,left,female,18-29,high
68901,GB,high,high,high,medium,medium,low,medium,high,low,medium,right,female,45-59,medium
54988,GB,low,high,low,low,low,high,high,low,low,low,centre,female,45-59,high
69856,GB,low,low,low,low,low,low,medium,high,low,medium,right,female,60+,medium
88475,GB,medium,low,medium,medium,medium,low,medium,high,medium,high,right,female,60+,low
74443,GB,low,low,medium,low,low,medium,medium,high,medium,medium,centre,female,45-59,medium
90972,GB,medium,medium,medium,low,medium,high,high,high,high,medium,left,female,30-44,high
79029,GB,low,medium,high,low,low,medium,low,low,medium,low,left,female,45-59,medium
60320,GB,high,high,high,low,low,high,medium,high,medium,medium,centre,female,30-44,high
74138,GB,medium,medium,medium,medium,medium,medium,medium,low,low,medium,centre,female,60+,low
62879,GB,low,low,medium,low,low,high,low,high,low,low,centre,female,60+,high
54532,GB,low,low,high,low,low,high,medium,medium,low,low,left,female,60+,medium
86485,GB,high,high,high,high,medium,high,medium,low,low,low,left,male,60+,high
55294,GB,medium,high,high,medium,medium,medium,medium,high,medium,high,left,female,60+,high
52656,GB,medium,high,medium,medium,medium,medium,high,high,medium,medium,right,male,30-44,high
26946,GR,high,high,high,medium,medium,low,medium,high,low,low,left,male,60+,high
15769,GR,low,low,high,low,low,low,high,low,low,low,centre,male,60+,high
27478,GR,low,low,low,low,low,low,medium,high,low,low,centre,male,60+,high
26174,GR,high,high,high,low,low,medium,high,high,medium,medium,centre,male,30-44,high
20451,GR,medium,medium,high,high,low,low,low,high,medium,high,centre,male,45-59,medium
24823,GR,low,high,high,low,low,high,medium,medium,low,low,centre,male,45-59,medium
26935,GR,high,high,high,high,medium,low,high,high,medium,high,right,female,30-44,high
22803,GR,high,high,high,high,high,high,high,high,high,high,right,female,60+,low
18758,GR,medium,high,medium,medium,medium,low,medium,medium,medium,medium,centre,male,60+,low
15276,GR,low,low,medium,low,low,low,high,high,high,high,right,male,30-44,high
20514,GR,low,low,low,medium,medium,high,medium,high,low,low,left,female,60+,high
27235,GR,medium,high,high,low,medium,low,medium,medium,low,low,centre,male,60+,low
26672,GR,low,high,high,low,low,low,high,high,high,high,centre,male,30-44,medium
25980,GR,high,medium,high,high,high,high,high,high,medium,medium,left,female,60+,low
19897,GR,medium,high,high,low,low,low,high,high,low,low,centre,male,45-59,high
19910,GR,medium,medium,high,low,low,medium,medium,high,medium,medium,centre,female,45-59,high
22374,GR,medium,high,low,medium,medium,medium,high,medium,low,low,left,female,45-59,low
25470,GR,medium,medium,high,medium,medium,medium,medium,medium,medium,low,left,female,18-29,high
23253,GR,low,low,low,low,low,low,high,low,medium,medium,centre,female,30-44,medium
18863,GR,medium,medium,high,medium,medium,low,high,high,high,high,centre,female,60+,low
11119,GR,medium,high,high,medium,medium,low,high,medium,medium,medium,left,male,60+,low
24032,GR,medium,medium,medium,medium,medium,medium,medium,high,medium,medium,centre,male,18-29,low
17796,GR,medium,high,medium,medium,low,low,high,high,medium,medium,centre,female,30-44,medium
18971,GR,medium,medium,high,low,low,high,high,high,low,medium,centre,male,60+,high
17951,GR,medium,high,high,low,low,medium,high,medium,medium,medium,centre,male,45-59,medium
27691,GR,high,high,high,high,high,low,high,high,high,high,right,female,60+,low
26733,GR,high,medium,medium,medium,high,medium,medium,high,low,low,centre,male,45-59,medium
15535,GR,low,high,high,low,medium,low,low,high,high,high,right,male,45-59,high
22413,GR,medium,medium,medium,medium,medium,high,medium,medium,medium,medium,centre,male,60+,low
10108,GR,low,medium,medium,low,low,medium,medium,high,low,low,left,male,30-44,high
12395,GR,high,high,medium,medium,medium,medium,low,medium,low,low,right,male,18-29,medium
18879,GR,high,high,high,high,high,high,high,high,high,high,right,male,60+,low
11838,GR,high,high,high,high,high,medium,high,high,high,high,right,female,60+,high
25827,GR,medium,high,high,medium,medium,medium,high,high,low,low,left,female,60+,medium
13914,GR,medium,medium,high,medium,medium,medium,medium,medium,medium,medium,right,male,60+,low
22021,GR,medium,high,high,low,medium,medium,medium,high,medium,low,centre,male,18-29,medium
64608,GR,low,low,low,low,medium,low,high,medium,low,low,left,male,60+,high
15868,GR,low,high,high,low,medium,low,high,high,low,low,centre,male,30-44,high
13856,GR,medium,high,high,low,low,medium,high,high,low,low,centre,female,60+,medium
22604,GR,low,medium,high,low,low,low,high,high,low,low,right,male,45-59,high
23586,GR,medium,high,high,medium,medium,medium,low,high,low,low,centre,female,45-59,high
22765,GR,low,low,medium,low,low,high,medium,high,high,high,centre,male,45-59,medium
17546,GR,medium,medium,high,medium,medium,high,high,high,low,low,left,female,30-44,high
25161,GR,medium,medium,medium,medium,medium,medium,medium,medium,high,medium,centre,female,18-29,high
13303,GR,medium,low,medium,medium,low,low,high,high,low,low,centre,female,30-44,high
13473,GR,medium,medium,medium,medium,medium,low,medium,high,low,medium,centre,male,45-59,low
26940,GR,low,medium,medium,low,medium,medium,high,high,low,medium,centre,male,60+,medium
25429,GR,medium,low,high,low,medium,low,high,medium,medium,low,right,female,60+,medium
27017,GR,high,high,high,medium,medium,medium,high,high,medium,medium,centre,female,45-59,medium
11382,GR,low,low,low,low,low,medium,medium,low,low,low,centre,female,30-44,high
15780,GR,high,high,high,high,high,high,medium,high,high,high,centre,male,18-29,medium
26178,GR,medium,medium,medium,low,low,medium,high,medium,medium,high,centre,female,30-44,medium
12765,GR,medium,high,high,medium,medium,medium,medium,medium,medium,medium,centre,female,45-59,high
13282,GR,low,high,high,low,low,low,low,high,low,low,right,male,30-44,high
14419,GR,high,high,high,medium,medium,low,high,high,high,high,centre,female,60+,low
11120,GR,low,high,high,low,low,low,medium,high,high,high,right,male,60+,medium
20516,GR,medium,high,medium,medium,medium,medium,medium,high,low,medium,centre,male,18-29,medium
11825,GR,low,high,high,low,low,low,low,high,low,low,centre,female,18-29,high
11835,GR,high,high,high,medium,low,high,low,high,low,low,centre,female,60+,low
20443,GR,medium,medium,high,medium,low,medium,medium,high,medium,medium,centre,male,45-59,low
21394,GR,low,low,low,low,low,medium,medium,medium,high,medium,right,male,45-59,medium
23222,GR,high,medium,high,medium,medium,medium,high,high,high,high,right,male,45-59,medium
19934,GR,low,low,low,low,low,low,high,high,high,high,right,male,60+,medium
18546,GR,high,high,high,low,low,medium,high,high,medium,high,centre,female,30-44,medium
13876,GR,medium,medium,medium,high,high,medium,medium,high,medium,high,right,male,60+,low
14640,GR,medium,high,high,high,high,high,high,high,medium,high,centre,male,45-59,low
15861,GR,low,low,medium,low,low,medium,high,high,high,medium,centre,male,30-44,low
15915,GR,low,medium,low,low,low,low,medium,medium,low,low,left,female,45-59,medium
18141,GR,medium,medium,medium,low,medium,medium,medium,high,medium,medium,centre,male,45-59,low
21850,GR,low,low,low,low,low,low,high,medium,medium,medium,right,female,30-44,high
10212,GR,low,medium,medium,low,low,low,high,medium,low,low,centre,male,60+,low
26987,GR,medium,high,high,low,low,high,high,medium,medium,medium,centre,female,45-59,low
27393,GR,medium,medium,medium,medium,medium,medium,low,high,low,low,left,female,45-59,high
20218,GR,low,low,medium,low,low,medium,low,low,low,low,left,female,18-29,medium
19269,GR,medium,medium,medium,medium,medium,low,high,high,high,medium,right,female,60+,low
20504,GR,medium,medium,medium,low,low,low,high,medium,low,low,left,male,60+,medium
17001,GR,low,low,low,low,low,low,medium,high,high,high,right,female,30-44,high
19315,GR,low,low,high,low,low,low,low,high,low,low,right,male,60+,high
25301,GR,medium,high,high,low,medium,medium,low,high,low,medium,centre,male,30-44,high
21020,GR,low,medium,high,low,low,high,high,medium,medium,medium,centre,female,60+,medium
21071,GR,high,high,medium,low,medium,medium,medium,medium,medium,medium,centre,male,60+,low
11962,GR,low,medium,high,low,low,medium,high,low,low,medium,centre,female,60+,low
26531,GR,medium,medium,high,medium,medium,medium,high,medium,low,medium,centre,female,45-59,high
20493,GR,low,high,high,low,low,low,high,high,low,low,centre,female,30-44,medium
19203,GR,medium,medium,high,medium,medium,medium,medium,low,medium,medium,left,female,45-59,low
11916,GR,high,high,high,high,high,medium,high,high,medium,high,right,female,30-44,high
19262,GR,medium,medium,medium,medium,low,high,high,high,medium,medium,centre,female,45-59,high
15614,GR,medium,high,high,low,low,medium,medium,medium,medium,medium,centre,male,45-59,low
10935,GR,medium,high,high,low,low,low,high,high,medium,high,centre,male,30-44,high
10322,GR,high,high,high,medium,medium,high,high,high,medium,medium,right,female,60+,medium
16066,GR,low,medium,medium,medium,medium,medium,medium,medium,high,medium,right,male,30-44,high
23090,GR,low,medium,high,medium,low,medium,high,high,high,medium,right,female,60+,medium
25101,GR,low,low,medium,low,low,low,high,medium,low,low,centre,male,60+,low
12518,GR,high,high,high,medium,medium,medium,medium,high,medium,medium,centre,female,18-29,medium
14308,GR,low,medium,medium,low,low,high,medium,high,low,medium,left,female,45-59,medium
14433,GR,low,high,high,low,medium,medium,medium,high,low,low,centre,female,18-29,medium
19139,GR,medium,high,high,low,low,medium,medium,medium,low,low,right,male,45-59,low
16603,GR,high,high,high,medium,medium,medium,medium,medium,medium,medium,centre,female,45-59,high
15500,GR,low,high,high,low,low,low,low,high,low,low,left,male,18-29,medium
11864,HR,low,low,medium,low,low,high,medium,medium,low,low,centre,female,45-59,low
27344,HR,medium,medium,high,high,medium,high,medium,high,medium,low,left,male,60+,medium
20840,HR,high,high,high,high,high,low,medium,high,high,high,centre,female,60+,low
17750,HR,high,high,high,medium,medium,high,medium,high,low,medium,centre,male,18-29,high
11421,HR,low,low,medium,low,low,low,low,medium,low,low,left,male,30-44,high
19161,HR,low,low,medium,low,low,medium,medium,low,medium,low,centre,female,60+,low
21950,HR,low,low,low,low,low,low,medium,high,medium,low,centre,male,45-59,medium
23320,HR,low,low,medium,low,low,medium,medium,high,high,low,centre,female,18-29,high
10573,HR,low,low,low,low,low,medium,medium,medium,low,low,centre,male,30-44,medium
11040,HR,low,medium,high,low,low,high,high,high,low,low,centre,female,60+,low
20771,HR,low,low,low,low,low,medium,medium,high,low,low,right,male,60+,low
18002,HR,low,low,medium,low,low,low,low,high,low,low,centre,female,45-59,medium
13632,HR,low,low,high,low,low,high,medium,high,medium,low,centre,female,45-59,medium
25495,HR,medium,medium,medium,medium,medium,low,medium,high,medium,medium,centre,female,18-29,medium
19493,HR,low,low,medium,low,low,low,medium,high,medium,low,centre,male,45-59,medium
18918,HR,low,low,high,low,low,high,low,low,low,low,left,female,30-44,high
17241,HR,low,low,low,low,low,low,low,high,low,low,centre,female,18-29,high
12010,HR,medium,medium,medium,low,low,high,medium,high,medium,medium,centre,female,45-59,medium
24447,HR,low,low,medium,low,low,low,medium,medium,medium,low,left,female,60+,high
22001,HR,low,low,low,low,low,medium,low,high,low,low,left,male,60+,medium
11987,HR,low,low,low,low,low,medium,low,medium,low,low,left,male,60+,medium
23277,HR,high,high,high,high,medium,medium,high,high,medium,medium,centre,female,60+,low
21181,HR,medium,low,high,low,low,medium,high,high,medium,low,right,female,30-44,high
15422,HR,medium,medium,low,low,low,high,high,high,low,low,centre,female,60+,medium
24064,HR,medium,medium,medium,low,low,high,medium,high,medium,low,centre,female,18-29,high
19555,HR,high,medium,high,low,low,low,high,high,medium,high,right,female,60+,low
26942,HR,low,low,low,low,low,low,medium,high,low,low,centre,male,45-59,medium
13185,HR,low,high,high,low,low,medium,high,high,low,low,centre,male,30-44,medium
26903,HR,medium,high,high,medium,medium,high,high,high,high,medium,right,male,18-29,medium
15645,HR,low,low,low,low,low,medium,low,high,low,low,centre,male,60+,high
15814,HR,medium,low,low,low,low,medium,high,high,medium,medium,centre,female,45-59,medium
27374,HR,low,low,low,low,low,high,high,high,low,low,centre,female,60+,low
16578,HR,low,low,high,low,low,low,medium,medium,low,low,centre,female,45-59,medium
14692,HR,low,low,high,low,low,medium,high,high,low,low,right,male,45-59,high
20110,HR,low,low,low,low,low,medium,low,low,low,low,centre,male,60+,medium
23742,HR,low,low,medium,low,low,medium,medium,high,low,low,left,female,18-29,high
14352,HR,low,medium,high,low,low,high,medium,high,medium,low,centre,male,18-29,medium
23046,HR,low,low,medium,low,low,high,medium,medium,low,low,left,female,60+,medium
22637,HR,low,low,low,low,low,medium,high,high,low,low,centre,female,30-44,low
14136,HR,medium,medium,high,medium,medium,medium,medium,medium,medium,medium,centre,female,18-29,low
19726,HR,low,low,low,low,low,high,high,high,low,low,centre,male,30-44,medium
20790,HR,low,low,low,low,low,high,medium,medium,low,medium,centre,male,45-59,medium
24490,HR,low,low,medium,low,low,medium,low,high,medium,medium,right,male,30-44,high
11175,HR,medium,high,medium,high,medium,medium,medium,high,medium,medium,right,male,18-29,medium
19174,HR,medium,medium,high,medium,medium,medium,medium,low,medium,medium,centre,female,60+,low
18319,HR,low,low,medium,low,low,medium,medium,medium,medium,medium,centre,female,30-44,high
15539,HR,low,medium,medium,low,low,medium,high,high,low,low,centre,male,60+,high
10795,HR,medium,low,medium,low,medium,high,high,high,medium,high,right,male,45-59,medium
17781,HR,high,high,high,high,high,medium,high,high,medium,medium,centre,female,18-29,high
10976,HR,low,low,medium,low,low,high,low,high,low,low,centre,male,45-59,medium
27803,HR,low,low,medium,low,low,low,medium,low,low,low,right,female,60+,low
12336,HR,low,low,medium,low,low,medium,low,low,low,low,centre,male,30-44,medium
22097,HR,high,high,high,high,high,medium,medium,medium,high,high,right,male,45-59,low
20154,HR,low,low,low,low,low,high,medium,medium,low,low,left,female,30-44,medium
18243,HR,medium,medium,medium,medium,medium,high,low,medium,medium,medium,centre,male,60+,low
16837,HR,medium,low,medium,low,low,medium,medium,medium,medium,medium,left,female,60+,high
25524,HR,low,low,medium,low,low,high,high,medium,low,low,centre,male,18-29,medium
23351,HR,low,low,medium,low,low,low,high,medium,medium,low,centre,male,60+,medium
21921,HR,low,low,low,low,low,high,medium,high,low,medium,centre,female,60+,medium
20229,HR,medium,high,high,medium,medium,medium,high,high,low,low,centre,female,30-44,medium
24927,HR,medium,low,high,low,low,medium,high,high,medium,high,centre,male,60+,medium
27017,HR,low,low,medium,low,low,high,high,high,low,low,left,female,60+,high
25782,HR,low,low,low,low,low,medium,medium,low,low,low,centre,male,60+,medium
20496,HR,medium,medium,high,low,low,medium,high,high,medium,medium,centre,male,30-44,medium
23004,HR,medium,low,high,low,low,high,high,medium,medium,high,right,male,60+,low
19908,HR,low,low,medium,low,low,high,high,high,medium,low,centre,female,30-44,high
15682,HR,low,low,low,low,low,low,high,medium,low,low,centre,female,60+,medium
27843,HR,medium,low,medium,low,low,high,medium,high,medium,medium,right,female,30-44,medium
26647,HR,low,low,medium,low,low,high,high,high,medium,medium,right,female,60+,low
10014,HR,low,low,medium,medium,low,high,high,high,medium,high,right,male,60+,medium
12519,HR,low,low,medium,low,low,medium,low,high,medium,low,centre,male,45-59,medium
14243,HR,low,low,high,low,low,medium,high,medium,medium,medium,right,male,60+,medium
20365,HR,low,low,medium,low,low,medium,low,low,low,low,left,female,60+,high
27814,HR,medium,medium,high,low,low,low,medium,medium,low,medium,centre,female,60+,low
13455,HR,high,high,high,medium,medium,high,high,high,high,high,right,female,60+,high
12117,HR,low,low,low,low,low,medium,high,medium,low,low,left,male,18-29,medium
23889,HR,low,low,low,low,low,low,medium,low,low,low,centre,male,30-44,medium
11360,HR,low,low,medium,low,low,medium,high,high,low,low,right,female,18-29,high
20192,HR,low,medium,high,low,low,high,low,high,medium,low,right,female,18-29,medium
26572,HR,low,low,low,low,low,medium,medium,medium,low,low,centre,female,30-44,medium
21763,HR,low,low,medium,low,low,high,high,high,medium,low,centre,male,60+,medium
10145,HR,medium,low,high,low,low,low,high,low,low,low,right,male,60+,low
26963,HR,low,low,low,low,low,low,high,high,low,low,left,female,60+,medium
24849,HR,low,high,high,low,low,low,high,medium,medium,medium,right,female,45-59,medium
24790,HR,low,low,high,low,low,medium,high,medium,medium,medium,left,male,60+,low
17416,HR,medium,low,medium,low,low,low,medium,high,low,low,centre,male,30-44,medium
13406,HR,low,medium,medium,low,low,medium,medium,high,medium,low,centre,male,45-59,medium
19046,HR,low,low,medium,low,low,low,medium,medium,low,medium,centre,male,60+,medium
26956,HR,medium,medium,medium,medium,medium,high,low,high,medium,medium,centre,male,18-29,low
19774,HR,medium,medium,high,low,low,medium,medium,high,low,medium,centre,male,30-44,high
26297,HR,medium,low,medium,low,low,low,high,high,medium,low,right,female,60+,medium
18874,HR,high,medium,high,low,low,high,high,medium,low,medium,right,male,30-44,medium
15592,HR,high,high,high,high,high,medium,high,high,high,high,right,female,60+,high
15604,HR,low,medium,low,low,low,high,medium,high,low,low,centre,female,45-59,medium
13992,HR,low,low,low,low,low,high,low,high,medium,low,centre,female,45-59,medium
22157,HR,medium,high,high,medium,medium,high,low,high,medium,medium,centre,female,60+,medium
13178,HR,medium,low,medium,low,low,low,high,high,low,high,right,male,60+,low
14866,HR,low,low,low,low,low,medium,high,low,low,low,centre,female,60+,medium
17649,HR,low,low,high,low,low,low,medium,high,low,low,centre,male,18-29,medium
11038,HR,low,low,medium,low,low,high,high,high,medium,medium,centre,female,60+,high
16714,HU,low,low,low,low,low,medium,low,high,low,low,centre,female,30-44,high
27006,HU,high,medium,high,high,high,high,high,high,high,high,centre,female,30-44,medium
26619,HU,low,low,low,low,low,medium,low,low,medium,low,left,female,60+,high
18835,HU,low,high,high,low,medium,low,medium,high,medium,low,right,female,18-29,high
22581,HU,high,high,high,medium,medium,medium,medium,high,medium,high,right,male,45-59,medium
18979,HU,medium,high,high,high,medium,high,medium,medium,medium,high,right,female,45-59,medium
24806,HU,high,high,high,medium,medium,medium,low,high,medium,medium,centre,male,18-29,low
23218,HU,low,low,low,low,low,medium,medium,medium,medium,low,centre,female,45-59,high
10380,HU,low,medium,medium,medium,low,medium,low,high,high,high,right,female,60+,medium
17371,HU,medium,medium,medium,medium,medium,medium,medium,high,medium,medium,centre,female,30-44,medium
24271,HU,low,medium,medium,low,low,low,low,high,low,low,right,female,45-59,medium
21802,HU,high,medium,high,medium,medium,low,medium,medium,medium,medium,right,male,45-59,low
15675,HU,low,medium,high,medium,low,high,medium,high,low,low,left,female,45-59,high
14843,HU,high,medium,high,medium,medium,medium,low,high,high,high,right,male,30-44,high
19986,HU,low,medium,medium,medium,low,low,high,high,low,low,centre,female,45-59,medium
19297,HU,high,medium,high,high,high,medium,high,high,high,high,right,female,30-44,high
11160,HU,low,low,medium,medium,low,medium,high,low,medium,high,centre,male,45-59,medium
13023,HU,medium,medium,high,high,high,high,medium,medium,medium,medium,left,male,45-59,medium
18687,HU,high,high,high,high,high,low,medium,high,high,medium,right,male,60+,low
16782,HU,high,high,high,low,low,medium,medium,high,high,high,right,female,60+,medium
25584,HU,medium,medium,high,medium,medium,low,medium,high,high,high,right,female,30-44,high
23715,HU,low,low,low,low,low,high,high,medium,low,low,left,female,60+,high
18237,HU,high,medium,high,medium,medium,medium,low,high,medium,low,right,male,60+,medium
25308,HU,medium,medium,low,low,low,low,high,low,low,low,right,male,60+,medium
12565,HU,low,medium,high,low,low,medium,low,medium,low,low,left,female,18-29,medium
10632,HU,medium,high,medium,medium,medium,low,low,high,high,high,right,female,45-59,medium
23371,HU,low,high,medium,medium,medium,medium,low,medium,low,medium,centre,female,18-29,medium
20925,HU,low,medium,high,low,low,low,low,high,low,low,right,male,30-44,medium
17163,HU,medium,high,high,low,low,medium,high,medium,low,low,left,female,60+,medium
10476,HU,high,high,high,medium,medium,medium,low,high,high,medium,centre,female,18-29,medium
11587,HU,high,high,high,high,medium,high,medium,high,high,high,centre,female,18-29,medium
24335,HU,high,high,high,high,high,high,high,high,high,high,right,female,18-29,medium
20964,HU,medium,medium,medium,low,low,low,low,high,high,high,right,male,45-59,medium
27079,HU,medium,medium,medium,medium,medium,medium,medium,medium,medium,high,centre,male,45-59,medium
18430,HU,medium,medium,medium,medium,medium,high,high,high,high,low,right,male,45-59,medium
21616,HU,medium,medium,medium,low,low,medium,low,high,medium,low,centre,female,45-59,medium
22319,HU,high,high,high,high,medium,medium,low,high,high,high,right,female,45-59,medium
17750,HU,low,low,low,low,low,low,low,high,low,low,right,female,45-59,medium
11271,HU,medium,medium,medium,low,medium,medium,low,high,medium,low,right,male,30-44,medium
10090,HU,high,medium,medium,medium,medium,low,low,high,high,high,right,female,30-44,medium
23008,HU,medium,high,medium,medium,medium,medium,medium,high,low,medium,right,female,30-44,medium
20815,HU,low,medium,high,low,low,medium,medium,high,low,low,left,female,30-44,medium
19267,HU,high,medium,high,medium,medium,high,low,high,medium,high,centre,male,18-29,high
17341,HU,high,high,medium,high,high,high,high,medium,high,medium,right,female,18-29,high
14148,HU,high,high,high,high,high,low,low,high,high,high,right,male,30-44,medium
24854,HU,medium,high,medium,medium,medium,medium,medium,high,medium,high,centre,male,45-59,high
13261,HU,high,high,high,medium,high,medium,high,high,medium,high,right,female,60+,medium
11661,HU,high,high,high,medium,medium,low,medium,high,high,high,right,female,45-59,medium
25878,HU,medium,high,high,high,medium,medium,low,high,medium,high,centre,male,45-59,medium
10206,HU,medium,medium,high,medium,medium,low,medium,high,medium,medium,centre,male,60+,high
25654,HU,low,high,high,low,medium,medium,low,high,medium,medium,right,female,18-29,high
23573,HU,low,low,low,low,low,low,low,high,low,low,right,female,18-29,low
17123,HU,high,high,high,high,high,medium,high,high,high,high,right,male,60+,high
15063,HU,medium,low,low,medium,low,medium,high,medium,medium,medium,centre,male,45-59,medium
22207,HU,low,medium,medium,medium,low,low,low,medium,medium,low,centre,male,45-59,high
25744,HU,high,high,high,high,high,medium,low,high,high,high,right,female,30-44,high
18091,HU,low,low,high,low,low,low,low,high,low,low,centre,female,60+,medium
21656,HU,low,medium,medium,low,low,medium,medium,high,low,low,centre,male,30-44,high
24351,HU,low,high,low,high,medium,low,high,high,medium,high,centre,female,60+,low
19949,HU,high,medium,high,medium,medium,medium,medium,high,high,high,right,female,60+,medium
21094,HU,medium,high,high,high,high,low,low,medium,high,medium,right,female,45-59,medium
23327,HU,low,medium,low,medium,low,low,low,medium,medium,high,right,male,18-29,medium
10120,HU,medium,medium,high,medium,medium,medium,high,high,high,high,right,female,30-44,medium
17692,HU,high,high,high,high,high,medium,high,high,high,high,right,male,45-59,medium
11822,HU,medium,medium,medium,medium,medium,medium,low,high,medium,medium,right,male,30-44,medium
14410,HU,high,high,high,medium,high,medium,medium,medium,high,high,right,male,45-59,low
19414,HU,medium,medium,medium,medium,medium,medium,medium,high,medium,high,right,male,45-59,high
10186,HU,low,low,medium,low,low,low,low,high,medium,low,centre,female,45-59,high
18032,HU,low,low,high,low,medium,high,low,medium,low,low,left,male,60+,medium
16325,HU,low,low,low,low,low,low,high,high,low,low,left,female,45-59,medium
23855,HU,low,high,medium,medium,low,low,medium,low,low,medium,centre,male,60+,low
23648,HU,medium,medium,medium,medium,medium,medium,medium,high,medium,medium,centre,male,30-44,medium
24262,HU,medium,medium,medium,medium,medium,medium,medium,high,high,high,left,female,60+,medium
17705,HU,medium,high,high,medium,medium,medium,medium,medium,medium,medium,centre,male,60+,medium
10393,HU,medium,medium,high,low,low,low,medium,medium,low,medium,centre,female,60+,medium
27296,HU,high,high,high,medium,medium,low,high,medium,medium,high,centre,male,60+,medium
14772,HU,low,low,low,low,low,medium,low,low,low,low,centre,male,60+,low
19109,HU,high,high,high,high,high,high,low,high,medium,high,right,female,30-44,high
20968,HU,medium,high,high,medium,medium,low,low,high,high,high,right,male,45-59,medium
22651,HU,medium,medium,medium,medium,medium,medium,medium,high,medium,high,right,male,60+,low
10557,HU,high,high,high,high,high,medium,medium,medium,high,high,right,female,60+,medium
26599,HU,low,medium,low,low,low,medium,low,high,medium,medium,centre,male,30-44,medium
10482,HU,medium,medium,medium,medium,medium,medium,medium,medium,high,high,centre,male,45-59,medium
22401,HU,low,medium,medium,medium,low,medium,low,high,medium,high,right,female,30-44,high
27098,HU,medium,medium,high,low,low,medium,medium,high,medium,medium,centre,female,30-44,high
17473,HU,low,low,low,low,low,low,low,low,low,low,centre,male,18-29,medium
10564,HU,low,low,low,low,low,medium,low,high,low,low,right,male,30-44,low
11222,HU,high,high,high,high,high,medium,low,high,high,high,right,female,30-44,medium
10897,HU,low,low,high,low,low,low,medium,high,low,low,left,female,45-59,high
16902,HU,low,high,high,low,low,low,low,high,low,low,centre,female,18-29,medium
13629,HU,medium,medium,medium,medium,low,low,medium,high,low,low,centre,male,60+,medium
15566,HU,high,high,high,high,high,high,low,high,medium,medium,centre,male,30-44,high
12712,HU,high,medium,medium,medium,medium,high,high,high,high,high,right,male,30-44,medium
26080,HU,medium,medium,medium,medium,medium,low,medium,high,medium,medium,centre,female,30-44,medium
26935,HU,medium,medium,medium,low,low,medium,high,low,low,low,left,male,60+,low
21350,HU,low,low,low,low,low,low,medium,low,low,low,centre,female,18-29,low
14897,HU,medium,high,high,medium,medium,medium,medium,high,medium,high,right,male,30-44,high
23562,HU,medium,low,low,low,low,low,medium,low,low,low,right,female,30-44,medium
19850,HU,low,low,high,low,low,medium,medium,high,low,low,right,male,60+,medium
23103,HU,medium,medium,medium,high,medium,medium,high,medium,high,high,right,female,60+,medium
86507,IE,medium,high,high,medium,medium,high,high,high,medium,medium,right,female,60+,high
50566,IE,low,high,high,low,low,medium,high,high,medium,low,right,male,60+,low
64056,IE,high,high,high,high,high,high,high,high,high,high,right,female,30-44,high
52228,IE,low,medium,low,low,low,high,high,medium,low,low,centre,male,60+,low
89449,IE,medium,low,medium,low,low,high,low,high,medium,medium,centre,male,60+,medium
57013,IE,high,high,high,medium,medium,high,high,high,high,medium,right,male,60+,medium
53175,IE,high,medium,medium,medium,medium,high,medium,high,low,low,centre,female,30-44,high
68668,IE,high,high,high,medium,medium,high,medium,high,medium,low,centre,female,60+,high
73088,IE,medium,medium,high,low,low,low,low,medium,low,low,centre,female,18-29,medium
62917,IE,low,high,high,low,low,low,high,high,high,medium,centre,female,60+,high
74104,IE,high,high,high,medium,low,high,low,high,medium,medium,centre,male,30-44,high
72327,IE,high,high,medium,medium,medium,high,high,high,medium,medium,right,male,60+,low
88017,IE,high,high,high,high,high,medium,high,high,low,high,right,female,60+,low
62099,IE,high,high,high,high,high,medium,medium,high,high,high,right,female,45-59,low
66394,IE,high,high,high,medium,low,high,low,high,high,medium,right,male,45-59,high
59604,IE,low,medium,high,low,low,high,high,high,low,medium,right,female,30-44,high
77258,IE,high,high,high,high,medium,high,high,high,medium,high,right,male,60+,medium
56429,IE,low,low,medium,low,low,medium,medium,high,medium,medium,centre,female,60+,medium
83564,IE,high,high,high,medium,medium,high,low,high,high,medium,left,male,30-44,high
92139,IE,low,high,medium,low,low,high,high,high,low,low,centre,male,60+,low
84095,IE,medium,high,high,medium,medium,medium,medium,medium,medium,medium,left,male,45-59,medium
62072,IE,medium,medium,high,low,low,medium,medium,high,medium,medium,centre,female,NA,high
70442,IE,high,high,high,medium,medium,high,medium,high,medium,medium,right,male,45-59,medium
87920,IE,medium,high,high,medium,medium,low,medium,medium,medium,medium,right,female,60+,low
84961,IE,medium,high,high,high,high,medium,medium,high,medium,medium,centre,female,45-59,high
72535,IE,low,medium,high,low,low,high,low,high,medium,medium,centre,male,45-59,high
55642,IE,low,low,low,low,low,high,high,high,high,high,right,male,18-29,low
63627,IE,medium,medium,medium,medium,medium,medium,high,high,high,high,right,female,NA,high
86911,IE,low,low,high,low,low,high,high,high,high,medium,right,female,45-59,medium
89664,IE,medium,medium,high,low,low,low,low,high,high,medium,centre,male,60+,low
81358,IE,medium,high,high,medium,medium,high,medium,high,medium,medium,centre,male,30-44,high
68523,IE,medium,high,high,medium,medium,medium,low,medium,medium,medium,centre,female,60+,high
87631,IE,medium,high,high,medium,medium,high,medium,low,medium,low,centre,female,60+,medium
60171,IE,medium,high,high,medium,medium,high,low,high,medium,medium,centre,male,30-44,high
64604,IE,low,low,medium,low,low,medium,high,medium,medium,medium,centre,female,60+,low
81803,IE,high,high,high,high,low,high,low,medium,high,high,right,male,18-29,medium
69773,IE,high,high,high,high,high,high,high,high,high,high,centre,male,30-44,high
74881,IE,medium,high,high,medium,medium,high,low,high,high,medium,left,male,30-44,high
69024,IE,high,high,high,medium,high,high,high,medium,high,high,centre,male,60+,low
83459,IE,medium,high,high,medium,medium,high,low,high,medium,medium,centre,female,45-59,medium
65208,IE,high,high,high,high,high,low,high,high,medium,medium,centre,female,60+,medium
80811,IE,high,high,high,medium,high,high,medium,high,high,high,centre,female,18-29,medium
58195,IE,high,medium,high,medium,medium,high,low,high,high,high,centre,male,60+,low
87616,IE,medium,high,medium,medium,medium,high,high,high,high,high,right,male,45-59,medium
53036,IE,medium,high,high,medium,medium,high,high,high,medium,medium,centre,female,45-59,high
65758,IE,medium,high,medium,medium,medium,medium,medium,medium,low,medium,right,female,45-59,high
81885,IE,low,low,high,low,low,high,high,high,high,high,right,female,45-59,medium
55558,IE,high,high,high,medium,medium,medium,high,high,medium,high,centre,female,45-59,medium
70735,IE,medium,high,high,medium,medium,high,low,high,low,medium,centre,female,18-29,high
78668,IE,medium,medium,medium,medium,high,high,high,high,medium,medium,centre,male,60+,high
72187,IE,high,high,high,medium,medium,high,low,high,high,high,centre,female,45-59,high
76628,IE,medium,high,high,medium,medium,high,high,high,medium,medium,right,female,30-44,medium
69742,IE,low,high,high,medium,low,high,low,high,high,medium,right,female,18-29,low
60989,IE,medium,medium,medium,medium,medium,low,high,high,high,high,centre,male,60+,low
77328,IE,low,high,medium,low,low,high,low,high,low,low,left,female,45-59,high
54767,IE,low,medium,medium,low,low,low,high,high,low,low,centre,female,60+,low
86165,IE,low,low,high,low,low,medium,medium,high,low,low,right,male,45-59,low
53030,IE,high,high,high,high,medium,high,low,high,medium,high,right,male,60+,medium
76130,IE,high,high,high,high,high,high,medium,high,medium,high,centre,male,60+,high
57439,IE,high,medium,high,high,high,high,high,medium,high,high,centre,male,45-59,high
58227,IE,low,low,medium,low,low,high,medium,medium,low,low,left,female,45-59,medium
56760,IE,high,high,high,medium,medium,high,low,high,low,medium,left,male,60+,high
71522,IE,high,high,high,medium,medium,high,low,medium,low,low,centre,female,30-44,high
92642,IE,medium,high,medium,medium,low,high,medium,high,medium,medium,right,male,60+,high
55561,IE,medium,high,high,medium,low,medium,low,high,medium,medium,centre,female,NA,high
88820,IE,medium,high,high,medium,medium,high,high,high,medium,high,right,male,60+,high
82260,IE,high,high,high,high,high,high,medium,high,medium,medium,right,male,60+,high
85803,IE,low,medium,medium,medium,medium,medium,medium,medium,medium,medium,centre,male,18-29,low
80117,IE,medium,high,high,medium,medium,medium,high,high,medium,high,right,male,45-59,high
71004,IE,low,low,medium,low,low,high,high,low,low,low,centre,female,45-59,high
65747,IE,medium,high,high,low,medium,medium,high,medium,high,high,centre,female,60+,medium
88394,IE,high,high,medium,medium,medium,high,medium,high,high,high,centre,male,30-44,high
78901,IE,low,medium,medium,low,low,medium,medium,medium,low,low,centre,female,30-44,high
64546,IE,high,high,high,medium,medium,high,medium,high,high,high,centre,male,30-44,high
75943,IE,low,medium,high,high,medium,high,high,high,medium,high,centre,male,18-29,low
84418,IE,high,medium,medium,low,low,high,high,high,high,high,right,male,30-44,high
54857,IE,high,high,high,medium,medium,medium,high,high,medium,high,right,female,60+,low
52466,IE,high,medium,high,medium,high,high,high,high,medium,high,centre,female,30-44,high
86893,IE,high,high,high,low,low,medium,high,medium,high,high,left,male,45-59,medium
70787,IE,medium,low,medium,low,low,high,low,medium,low,low,left,female,45-59,high
82643,IE,high,medium,high,high,high,medium,medium,high,low,low,centre,male,30-44,high
50113,IE,low,low,low,low,low,medium,medium,high,low,low,left,male,45-59,low
89246,IE,high,medium,high,medium,medium,high,low,medium,medium,high,centre,female,60+,high
52070,IE,medium,medium,medium,low,low,low,low,high,medium,medium,right,male,60+,low
84815,IE,medium,high,high,medium,medium,high,medium,high,medium,low,centre,male,60+,medium
81982,IE,medium,medium,high,medium,medium,medium,high,high,high,high,right,male,NA,medium
87051,IE,high,high,high,high,medium,high,high,high,medium,medium,centre,male,18-29,medium
68666,IE,low,medium,medium,low,low,medium,medium,high,medium,medium,centre,female,60+,high
65571,IE,low,medium,medium,low,low,high,low,high,low,medium,centre,female,45-59,medium
80007,IE,high,low,high,medium,medium,high,high,high,medium,high,centre,female,45-59,high
83155,IE,high,high,high,medium,medium,medium,medium,medium,high,medium,right,male,60+,high
54055,IE,high,high,high,high,high,high,high,medium,high,high,right,male,30-44,high
84799,IE,medium,medium,high,medium,high,high,medium,high,medium,high,centre,female,45-59,high
61849,IE,medium,high,medium,medium,medium,high,high,high,medium,high,centre,male,18-29,low
69058,IE,high,high,high,medium,medium,high,low,high,high,medium,centre,female,30-44,high
60963,IE,high,high,high,high,medium,high,high,high,high,high,centre,female,60+,low
64568,IE,medium,high,high,medium,medium,low,high,high,medium,medium,left,male,60+,low
84198,IE,low,low,medium,medium,medium,high,low,high,low,low,centre,female,45-59,medium
80915,IE,high,high,high,high,medium,medium,high,high,high,medium,right,male,60+,low
50675,IE,low,medium,high,low,low,high,low,low,medium,medium,left,male,45-59,high
23433,IS,medium,high,high,medium,medium,high,high,high,medium,medium,centre,female,45-59,medium
27895,IS,high,medium,high,high,medium,high,low,high,medium,medium,left,female,18-29,medium
19380,IS,high,high,high,high,high,high,high,high,high,high,right,male,30-44,high
24064,IS,medium,medium,high,medium,medium,high,medium,high,medium,high,right,female,60+,high
15294,IS,high,high,high,high,high,high,medium,high,medium,medium,centre,female,30-44,high
22887,IS,high,high,high,high,high,medium,high,high,medium,high,left,male,60+,high
24448,IS,medium,medium,high,low,low,high,low,high,medium,medium,centre,female,45-59,high
13319,IS,medium,medium,high,medium,medium,medium,high,high,medium,medium,left,female,60+,low
12200,IS,medium,medium,high,low,low,high,high,high,high,low,centre,male,60+,medium
21012,IS,high,high,high,medium,medium,medium,medium,high,medium,medium,centre,female,60+,high
13691,IS,high,high,high,medium,medium,medium,high,high,high,high,right,male,45-59,high
22716,IS,medium,medium,medium,medium,medium,medium,high,high,medium,high,right,female,45-59,high
10784,IS,high,high,high,high,high,medium,low,high,high,high,right,male,45-59,high
13466,IS,medium,high,high,medium,medium,high,medium,high,medium,medium,centre,female,30-44,high
24237,IS,high,low,medium,medium,medium,high,medium,high,medium,medium,centre,female,45-59,high
27871,IS,high,high,high,high,high,high,high,high,medium,medium,right,female,60+,high
26610,IS,high,medium,high,low,medium,high,low,high,high,high,right,female,18-29,medium
16884,IS,high,high,high,high,high,high,high,high,high,high,right,female,60+,high
13441,IS,medium,high,high,medium,medium,medium,high,high,medium,high,right,female,60+,high
10318,IS,medium,high,high,high,medium,high,high,high,high,high,right,male,60+,high
21438,IS,high,high,high,high,high,high,medium,high,high,high,left,female,30-44,high
10484,IS,high,high,high,high,high,high,low,high,high,high,right,female,30-44,high
17455,IS,high,medium,high,high,high,high,high,low,medium,medium,right,male,60+,medium
26125,IS,medium,high,high,medium,medium,high,low,high,medium,low,left,female,60+,high
24039,IS,low,low,medium,low,low,medium,high,medium,low,low,centre,female,60+,low
16555,IS,low,low,medium,low,low,medium,low,high,medium,low,centre,male,30-44,medium
25077,IS,medium,high,high,medium,medium,medium,high,high,high,medium,centre,male,60+,low
14403,IS,medium,medium,high,low,low,high,medium,high,low,low,centre,female,60+,low
25229,IS,high,medium,high,high,high,high,high,high,high,high,right,female,45-59,high
13951,IS,high,high,high,medium,medium,medium,high,high,high,high,right,female,60+,low
23074,IS,high,high,high,medium,medium,high,high,high,high,high,centre,female,45-59,medium
17594,IS,high,high,high,high,high,high,low,high,high,high,centre,female,45-59,high
23997,IS,low,low,high,low,low,high,low,high,low,low,left,male,60+,high
22197,IS,high,medium,high,medium,medium,high,high,high,high,low,centre,male,60+,medium
15278,IS,high,high,high,high,medium,high,low,high,high,high,left,female,30-44,high
15151,IS,low,medium,high,low,low,high,low,high,high,medium,right,male,45-59,high
18402,IS,high,high,high,high,high,high,high,high,high,high,left,female,45-59,high
12010,IS,high,high,high,high,high,high,high,high,high,high,centre,female,45-59,high
21531,IS,medium,high,high,medium,medium,medium,medium,high,high,medium,centre,male,30-44,medium
15244,IS,high,medium,high,high,high,high,high,high,high,high,left,female,60+,high
18768,IS,low,low,medium,low,low,high,medium,high,low,low,centre,female,60+,low
22081,IS,medium,medium,high,low,low,medium,high,high,high,high,centre,male,60+,high
13757,IS,low,low,medium,low,low,medium,high,high,medium,low,left,female,60+,low
19299,IS,high,high,high,medium,medium,high,low,high,medium,medium,centre,male,30-44,high
13228,IS,medium,high,high,high,medium,high,medium,medium,high,medium,left,female,45-59,high
10434,IS,medium,medium,medium,low,low,high,high,high,medium,high,right,male,60+,low
16055,IS,medium,high,high,medium,high,high,low,high,medium,medium,centre,male,18-29,medium
14524,IS,high,medium,high,high,high,medium,medium,medium,high,high,right,female,60+,low
23575,IS,high,high,high,high,high,high,high,medium,medium,high,centre,female,60+,low
26683,IS,high,high,high,high,high,medium,low,high,high,high,centre,female,30-44,high
22249,IS,low,low,low,medium,medium,high,low,high,high,high,centre,female,45-59,high
20248,IS,low,low,low,low,low,high,low,high,medium,low,centre,male,60+,low
24514,IS,high,high,high,high,medium,high,high,high,high,high,centre,male,30-44,high
11387,IS,medium,medium,high,medium,low,high,high,high,high,high,right,female,30-44,medium
25940,IS,high,high,high,high,medium,high,high,high,medium,medium,left,female,60+,high
14625,IS,medium,medium,high,medium,medium,medium,high,high,low,medium,right,female,18-29,medium
19873,IS,low,low,low,low,low,medium,low,medium,high,medium,right,male,60+,high
20295,IS,high,medium,high,medium,medium,high,low,high,high,low,right,male,30-44,high
21920,IS,medium,medium,high,medium,medium,high,low,high,high,medium,centre,male,18-29,medium
20661,IS,medium,high,high,low,low,high,low,high,high,medium,centre,male,30-44,high
15626,IS,medium,medium,high,high,medium,medium,high,medium,medium,high,left,male,60+,medium
19057,IS,high,medium,high,high,medium,medium,medium,high,low,low,left,female,60+,high
20689,IS,high,high,high,high,medium,high,high,high,high,high,right,male,45-59,high
24127,IS,high,high,high,high,medium,high,medium,high,high,high,centre,female,18-29,low
16150,IS,high,medium,high,medium,medium,high,low,high,medium,medium,right,male,45-59,medium
25973,IS,medium,medium,medium,low,medium,high,low,high,high,low,left,male,30-44,high
16436,IS,high,high,high,high,high,medium,low,high,medium,medium,left,female,18-29,high
20708,IS,medium,medium,high,medium,medium,high,medium,high,medium,medium,left,female,60+,high
15817,IS,high,medium,high,medium,medium,high,high,medium,high,high,right,male,30-44,high
15710,IS,high,medium,high,high,high,medium,high,high,high,high,right,female,60+,high
22959,IS,high,high,high,high,high,high,high,high,high,high,left,male,45-59,high
13186,IS,medium,high,high,medium,medium,high,medium,high,high,high,left,female,45-59,high
14364,IS,medium,medium,high,medium,low,high,high,high,low,low,left,male,60+,high
23717,IS,medium,medium,medium,medium,medium,high,low,low,medium,medium,left,male,18-29,medium
27659,IS,high,high,high,medium,medium,high,high,high,high,high,right,female,45-59,high
16332,IS,medium,medium,medium,low,low,high,high,high,low,medium,left,male,60+,high
12326,IS,low,low,low,low,low,medium,low,high,medium,high,right,female,60+,low
27086,IS,high,high,high,high,high,high,medium,high,high,high,right,female,45-59,high
10454,IS,medium,high,medium,medium,medium,high,low,high,medium,medium,left,male,45-59,high
17209,IS,low,low,medium,low,low,high,medium,medium,medium,low,centre,female,30-44,medium
12953,IS,low,low,high,low,medium,high,high,high,low,medium,centre,female,60+,low
22797,IS,high,high,high,high,medium,high,low,high,high,high,right,male,60+,high
21215,IS,high,low,high,low,low,high,low,high,high,high,left,female,30-44,high
10062,IS,high,medium,high,high,medium,medium,low,high,high,medium,right,male,18-29,medium
23580,IS,high,high,high,high,high,high,medium,high,high,high,right,male,60+,high
26035,IS,high,high,high,high,medium,high,low,high,high,high,centre,male,45-59,high
17573,IS,high,high,high,high,high,high,low,high,high,high,right,male,30-44,medium
13169,IS,medium,medium,medium,medium,medium,high,low,high,medium,medium,centre,female,18-29,medium
15545,IS,high,medium,high,medium,medium,medium,medium,high,high,high,right,female,30-44,medium
17367,IS,high,high,high,medium,low,high,high,high,high,high,centre,female,45-59,high
20013,IS,high,medium,medium,high,medium,medium,medium,high,high,medium,centre,female,60+,medium
17935,IS,medium,high,high,medium,medium,high,low,high,high,high,right,male,30-44,high
11466,IS,high,high,high,high,high,high,low,high,high,high,right,female,18-29,high
22719,IS,medium,high,medium,low,medium,high,low,high,high,medium,right,male,30-44,high
12201,IS,low,high,high,low,low,high,low,high,medium,low,left,male,60+,high
15741,IS,medium,high,high,medium,medium,high,low,high,high,high,centre,male,30-44,high
26590,IS,medium,high,medium,medium,medium,high,low,high,medium,low,left,male,30-44,high
14206,IS,low,low,high,low,low,medium,low,low,medium,low,right,female,45-59,high
10985,IS,high,high,high,high,medium,high,high,high,high,medium,centre,female,60+,low
18190,IS,high,high,high,high,high,high,low,high,high,high,centre,female,45-59,high
14020,IT,medium,high,medium,medium,medium,medium,high,high,medium,medium,centre,female,45-59,medium
13639,IT,medium,medium,high,low,low,low,low,low,low,low,centre,male,NA,high
22858,IT,low,medium,medium,low,low,low,low,high,medium,low,right,male,18-29,medium
22346,IT,high,medium,high,medium,medium,medium,medium,high,medium,medium,centre,male,60+,low
10457,IT,medium,medium,high,low,low,high,medium,high,low,medium,left,female,45-59,medium
23309,IT,high,high,high,medium,medium,high,high,medium,medium,high,left,female,18-29,high
25789,IT,medium,medium,high,medium,medium,medium,medium,high,low,low,left,male,45-59,medium
10283,IT,low,low,high,low,low,medium,medium,high,low,low,centre,male,60+,medium
24819,IT,medium,medium,medium,medium,medium,medium,high,medium,medium,medium,centre,male,45-59,medium
27170,IT,high,high,high,high,medium,medium,medium,high,high,high,centre,female,45-59,high
13975,IT,medium,medium,high,medium,medium,medium,low,high,medium,medium,right,male,45-59,low
13168,IT,medium,high,high,medium,medium,low,high,high,medium,medium,centre,female,60+,low
19781,IT,low,low,high,low,low,low,high,high,medium,low,centre,male,45-59,high
20289,IT,low,low,high,low,low,medium,high,high,medium,low,right,male,60+,low
24127,IT,medium,medium,medium,low,low,high,medium,high,medium,medium,centre,male,18-29,medium
11175,IT,low,low,low,low,low,low,medium,high,low,low,centre,female,60+,low
27699,IT,high,medium,high,medium,medium,medium,medium,medium,low,high,right,female,60+,low
27349,IT,low,low,high,medium,low,low,high,high,low,low,centre,female,60+,medium
19103,IT,medium,low,medium,low,low,low,high,high,low,medium,centre,male,45-59,high
12961,IT,high,medium,medium,low,low,low,medium,high,low,low,centre,female,60+,medium
24309,IT,medium,high,high,medium,medium,medium,medium,high,medium,medium,centre,male,18-29,medium
10816,IT,low,medium,medium,low,low,medium,medium,high,medium,medium,right,male,30-44,low
17616,IT,medium,medium,medium,medium,medium,low,low,low,low,low,left,male,60+,high
10837,IT,medium,low,medium,low,low,medium,medium,high,medium,medium,centre,male,30-44,medium
27275,IT,medium,high,medium,low,medium,medium,high,high,low,high,right,female,60+,low
14524,IT,high,high,high,medium,medium,low,medium,high,medium,high,right,male,30-44,high
13278,IT,high,high,high,medium,medium,medium,low,high,medium,high,left,female,18-29,low
11026,IT,low,low,medium,low,low,low,medium,high,medium,high,right,female,60+,low
25538,IT,medium,high,high,medium,medium,medium,medium,high,medium,medium,centre,male,18-29,medium
10562,IT,low,low,high,low,low,medium,high,medium,medium,medium,centre,female,60+,low
22762,IT,high,medium,high,medium,high,medium,high,high,medium,medium,right,male,45-59,high
24317,IT,medium,high,high,medium,low,medium,high,high,medium,medium,left,male,45-59,low
25497,IT,medium,medium,medium,medium,medium,high,medium,high,medium,medium,right,male,60+,high
10333,IT,low,low,high,low,low,low,low,high,medium,medium,centre,male,60+,high
18704,IT,low,medium,medium,low,low,high,high,high,low,high,centre,male,30-44,medium
14110,IT,medium,high,high,low,low,medium,low,high,medium,medium,centre,female,45-59,medium
23459,IT,low,low,low,low,low,medium,medium,low,low,low,right,male,60+,medium
14475,IT,high,high,high,high,high,low,high,high,high,high,centre,male,30-44,medium
23504,IT,low,medium,high,medium,medium,medium,low,medium,high,medium,right,male,45-59,high
27458,IT,medium,medium,medium,low,low,medium,medium,high,medium,medium,centre,male,30-44,low
16874,IT,medium,high,high,medium,medium,medium,medium,high,low,medium,centre,female,18-29,medium
22187,IT,medium,high,high,medium,medium,low,high,high,medium,medium,left,female,60+,low
21352,IT,low,medium,medium,medium,medium,medium,medium,high,low,high,centre,female,18-29,high
15710,IT,high,high,medium,high,high,medium,high,high,high,high,right,female,60+,low
14002,IT,low,low,medium,low,low,medium,medium,high,low,low,centre,male,45-59,high
16477,IT,low,medium,medium,low,low,medium,medium,high,medium,low,centre,male,30-44,low
27803,IT,medium,medium,medium,low,medium,medium,medium,high,medium,medium,left,male,45-59,medium
10107,IT,high,high,high,medium,medium,high,high,high,medium,medium,left,female,30-44,medium
12488,IT,high,high,high,low,low,medium,high,medium,low,medium,centre,female,60+,medium
13970,IT,low,low,low,low,low,medium,high,high,low,low,centre,male,45-59,low
20618,IT,low,low,low,low,low,low,medium,high,low,low,right,male,60+,low
19488,IT,high,low,high,high,high,medium,low,high,medium,high,centre,female,45-59,high
27623,IT,low,medium,high,low,low,low,high,high,medium,low,centre,female,45-59,medium
18940,IT,medium,high,high,medium,medium,medium,low,high,medium,medium,left,female,18-29,high
15123,IT,low,medium,high,low,low,low,high,high,low,low,centre,female,60+,medium
20218,IT,medium,high,medium,low,low,high,low,high,medium,medium,left,male,18-29,high
17691,IT,high,high,high,medium,low,high,high,high,medium,low,centre,female,60+,low
22013,IT,medium,medium,medium,medium,medium,medium,high,high,medium,medium,left,female,18-29,medium
22366,IT,low,high,high,high,low,low,medium,medium,medium,medium,right,female,45-59,high
27553,IT,low,low,high,medium,medium,medium,high,high,low,low,right,male,18-29,medium
10364,IT,high,high,high,high,high,low,high,high,low,low,right,female,30-44,medium
15720,IT,medium,medium,medium,medium,medium,high,low,high,medium,medium,centre,male,18-29,low
26657,IT,medium,medium,high,low,low,medium,low,high,low,low,centre,male,30-44,high
14323,IT,medium,high,high,medium,medium,medium,low,high,medium,high,centre,female,18-29,medium
24620,IT,medium,high,high,medium,medium,medium,high,high,medium,medium,left,male,45-59,high
24746,IT,medium,medium,medium,low,low,medium,medium,medium,low,medium,centre,female,30-44,medium
18362,IT,medium,medium,high,low,medium,low,high,high,medium,medium,left,female,60+,high
18388,IT,high,high,medium,medium,high,high,high,high,high,high,centre,female,60+,low
13607,IT,high,high,high,medium,medium,medium,medium,high,medium,high,right,male,30-44,high
18501,IT,low,medium,high,low,low,low,low,high,low,low,right,female,30-44,high
11630,IT,medium,medium,high,medium,medium,medium,high,high,low,high,right,female,60+,low
19065,IT,high,high,high,high,high,high,high,high,medium,high,right,male,60+,low
16796,IT,low,medium,medium,low,low,medium,low,medium,low,low,right,male,18-29,medium
26974,IT,medium,medium,high,medium,medium,medium,low,medium,low,low,right,male,45-59,medium
21772,IT,medium,high,high,medium,medium,medium,low,high,high,high,left,male,60+,low
18217,IT,medium,medium,high,low,low,medium,medium,high,medium,medium,right,male,18-29,medium
21620,IT,low,low,high,low,medium,medium,medium,low,low,low,left,female,30-44,high
10485,IT,low,high,high,low,low,medium,high,high,medium,low,right,male,60+,low
15044,IT,medium,medium,medium,medium,medium,medium,high,high,medium,medium,centre,female,60+,medium
18087,IT,high,high,high,medium,medium,medium,medium,high,medium,high,left,male,45-59,medium
26992,IT,low,medium,low,medium,low,medium,high,medium,medium,medium,centre,female,18-29,medium
24669,IT,low,high,high,low,low,high,high,high,low,high,left,female,60+,low
16466,IT,medium,low,high,low,low,low,low,medium,medium,high,right,male,60+,low
26232,IT,high,high,high,high,high,high,high,medium,high,high,right,male,45-59,low
16470,IT,medium,medium,high,low,low,medium,medium,medium,medium,medium,centre,male,45-59,medium
16406,IT,low,medium,medium,low,low,low,high,medium,low,low,centre,female,60+,low
26469,IT,low,high,high,low,low,medium,low,high,medium,low,left,male,18-29,medium
15218,IT,low,high,medium,low,low,high,low,high,low,low,centre,male,18-29,high
22047,IT,medium,low,low,low,low,low,high,high,medium,medium,right,female,45-59,medium
19414,IT,low,low,medium,low,low,low,medium,high,medium,low,right,male,60+,medium
11021,IT,low,low,low,low,low,low,medium,medium,low,medium,left,female,60+,low
19719,IT,high,high,high,medium,medium,high,medium,high,medium,medium,centre,female,45-59,medium
24851,IT,medium,low,medium,low,low,low,medium,medium,low,medium,left,female,45-59,medium
15534,IT,medium,high,high,medium,medium,low,high,medium,low,medium,left,female,60+,low
26539,IT,medium,high,high,medium,medium,high,high,high,high,high,right,male,NA,low
17476,IT,low,low,high,low,low,low,medium,high,low,low,centre,female,45-59,medium
11885,IT,medium,medium,medium,medium,medium,medium,medium,high,medium,medium,centre,female,30-44,medium
26938,IT,medium,high,high,low,low,low,medium,high,medium,medium,centre,female,45-59,high
26116,IT,medium,medium,medium,low,low,low,medium,high,low,high,centre,female,18-29,high
16516,LT,medium,high,high,medium,medium,medium,medium,high,high,medium,centre,female,18-29,high
10076,LT,high,high,high,high,high,medium,medium,high,high,high,right,male,60+,high
13262,LT,low,medium,medium,medium,low,medium,high,medium,low,low,left,male,60+,medium
26627,LT,medium,high,high,medium,medium,medium,medium,high,medium,medium,centre,male,30-44,high
13840,LT,low,low,low,low,low,medium,low,high,medium,medium,centre,male,30-44,medium
21032,LT,medium,medium,medium,medium,medium,medium,low,medium,high,medium,centre,male,60+,medium
27911,LT,high,high,medium,low,low,medium,medium,high,medium,low,centre,female,18-29,high
25780,LT,medium,high,high,high,high,medium,low,medium,medium,medium,left,female,45-59,medium
22716,LT,low,low,medium,medium,medium,high,medium,high,medium,medium,left,female,30-44,low
20128,LT,low,medium,low,low,medium,low,medium,medium,low,medium,centre,male,45-59,medium
25572,LT,low,low,low,low,low,high,high,high,low,low,centre,female,30-44,high
15090,LT,high,high,high,medium,high,high,high,high,high,high,right,male,60+,high
22820,LT,low,medium,medium,low,low,medium,high,medium,low,medium,centre,female,60+,medium
19269,LT,high,high,high,low,medium,medium,high,medium,medium,medium,centre,male,60+,low
21311,LT,medium,medium,high,medium,medium,medium,medium,high,high,high,right,male,60+,high
23479,LT,low,medium,high,medium,medium,medium,medium,medium,medium,low,left,male,60+,low
15021,LT,low,low,low,medium,medium,low,low,medium,low,low,left,female,30-44,high
15742,LT,low,low,low,low,low,medium,medium,low,low,low,centre,female,45-59,medium
21130,LT,medium,high,medium,high,medium,medium,medium,high,medium,high,centre,female,60+,high
15249,LT,low,medium,medium,low,low,low,medium,low,medium,low,left,male,45-59,high
10313,LT,low,low,low,low,low,low,high,high,low,medium,centre,female,60+,medium
27793,LT,medium,medium,high,low,low,low,medium,high,low,medium,left,female,45-59,high
11911,LT,medium,high,high,high,medium,low,high,low,low,low,left,female,30-44,high
15175,LT,low,low,medium,low,low,low,high,high,high,low,left,female,60+,high
13950,LT,low,medium,medium,low,low,low,high,medium,medium,low,left,female,60+,medium
23047,LT,medium,low,high,medium,medium,low,medium,medium,low,medium,centre,female,60+,high
11223,LT,medium,low,low,low,low,low,high,medium,low,low,centre,male,45-59,high
12140,LT,low,medium,high,medium,medium,medium,medium,high,medium,medium,centre,male,45-59,low
16322,LT,low,low,low,low,medium,medium,medium,high,medium,low,left,female,60+,medium
27050,LT,medium,high,high,medium,medium,medium,high,low,medium,medium,centre,female,60+,high
18004,LT,medium,medium,medium,medium,medium,medium,high,high,medium,medium,centre,female,30-44,medium
25107,LT,high,high,high,medium,medium,high,low,high,high,high,right,female,60+,high
17129,LT,low,medium,high,low,low,low,high,low,low,low,left,female,45-59,low
27381,LT,low,low,low,low,low,medium,high,medium,low,low,centre,female,60+,high
23768,LT,medium,high,high,medium,medium,medium,medium,high,low,low,left,female,30-44,high
12536,LT,low,medium,high,low,low,medium,medium,high,medium,medium,centre,male,60+,medium
19874,LT,low,high,high,medium,medium,medium,high,high,low,medium,centre,female,45-59,medium
12480,LT,high,high,high,medium,medium,high,low,high,medium,high,right,male,30-44,high
10855,LT,high,high,high,high,medium,medium,low,high,high,high,centre,male,18-29,medium
23649,LT,low,low,medium,low,low,medium,high,medium,medium,medium,right,female,60+,high
17326,LT,low,low,high,low,low,medium,high,high,low,low,centre,male,30-44,medium
22206,LT,low,medium,high,low,low,medium,high,high,medium,low,left,female,60+,high
16683,LT,medium,high,high,medium,low,low,high,high,high,high,right,female,18-29,high
25889,LT,high,high,high,high,medium,high,low,medium,medium,high,left,female,60+,medium
26722,LT,high,high,high,high,high,medium,high,medium,medium,high,right,male,30-44,medium
10661,LT,low,medium,medium,low,low,low,low,low,low,low,centre,male,30-44,low
22418,LT,high,high,high,low,low,medium,medium,medium,medium,medium,left,female,60+,medium
25374,LT,medium,high,high,medium,high,high,high,high,medium,high,right,female,60+,high
11251,LT,medium,medium,high,medium,medium,high,low,high,high,high,left,female,18-29,medium
24863,LT,high,high,high,high,high,high,high,high,high,high,left,female,18-29,low
26484,LT,high,high,high,high,high,low,high,high,high,high,right,female,60+,high
21540,LT,medium,low,medium,medium,medium,medium,medium,high,medium,medium,centre,female,45-59,high
10771,LT,medium,medium,high,medium,medium,low,medium,high,medium,medium,centre,male,30-44,low
25652,LT,low,medium,high,low,low,high,low,high,medium,high,centre,female,30-44,medium
15324,LT,low,high,high,medium,medium,medium,high,high,high,low,left,female,30-44,high
25894,LT,medium,medium,high,medium,medium,medium,low,medium,medium,medium,centre,male,45-59,high
19784,LT,medium,medium,high,medium,medium,medium,high,high,medium,medium,right,female,60+,high
10526,LT,medium,medium,medium,low,medium,medium,low,high,medium,medium,right,male,18-29,high
16653,LT,low,medium,high,medium,medium,medium,high,high,high,high,right,male,60+,medium
12908,LT,low,low,low,low,low,low,low,medium,low,low,centre,male,60+,high
14040,LT,high,high,medium,medium,low,low,medium,medium,high,medium,centre,female,30-44,high
22768,LT,medium,medium,medium,medium,medium,medium,low,medium,medium,medium,right,male,30-44,medium
25699,LT,medium,medium,high,low,medium,high,high,high,high,medium,centre,male,18-29,high
18863,LT,medium,medium,medium,low,low,medium,low,high,medium,low,centre,male,45-59,high
15169,LT,medium,medium,high,low,low,medium,low,high,medium,medium,centre,female,45-59,high
19607,LT,medium,medium,high,high,high,high,medium,medium,medium,medium,right,female,45-59,low
23968,LT,medium,high,high,low,low,medium,medium,high,medium,medium,centre,female,45-59,low
24765,LT,high,high,high,high,high,medium,high,high,high,high,left,female,60+,high
22757,LT,medium,medium,medium,medium,medium,low,medium,medium,medium,medium,centre,male,60+,high
27147,LT,low,medium,high,low,high,high,high,high,low,low,left,female,60+,medium
20611,LT,high,high,high,high,high,high,high,high,high,high,right,male,45-59,high
11018,LT,medium,medium,medium,medium,low,medium,medium,high,high,medium,right,female,60+,medium
21326,LT,low,high,high,low,low,medium,high,high,medium,low,centre,female,30-44,high
24722,LT,medium,medium,medium,medium,medium,medium,low,high,medium,high,centre,female,18-29,medium
25155,LT,low,medium,high,low,medium,low,high,low,low,low,centre,male,60+,high
17964,LT,medium,high,high,medium,medium,medium,high,high,medium,medium,centre,female,45-59,high
15801,LT,medium,medium,medium,medium,low,medium,high,medium,high,high,left,female,60+,low
22404,LT,low,medium,medium,low,low,medium,high,high,medium,low,centre,female,60+,medium
25206,LT,medium,medium,low,medium,medium,medium,high,medium,medium,medium,centre,female,60+,medium
23362,LT,medium,medium,high,medium,low,medium,high,medium,medium,medium,left,female,60+,high
20331,LT,low,medium,high,low,low,medium,low,high,low,low,right,female,30-44,high
14251,LT,low,medium,high,low,low,high,low,low,medium,medium,right,male,45-59,medium
26483,LT,medium,high,high,medium,medium,high,medium,high,high,medium,centre,male,30-44,high
17473,LT,low,medium,medium,low,medium,medium,medium,high,medium,low,centre,female,45-59,high
15972,LT,low,medium,medium,low,low,high,high,high,high,low,left,female,60+,high
21112,LT,low,medium,high,low,low,medium,low,medium,medium,low,centre,male,45-59,low
24257,LT,medium,medium,high,medium,medium,medium,medium,medium,medium,medium,right,female,45-59,low
22741,LT,medium,high,high,high,medium,high,high,high,high,high,right,female,60+,high
10018,LT,high,high,medium,high,high,low,medium,medium,low,high,centre,male,18-29,medium
27526,LT,low,low,low,low,low,low,medium,medium,high,high,centre,female,30-44,high
11021,LT,low,low,high,low,low,low,low,medium,low,low,centre,male,45-59,medium
25989,LT,low,medium,low,low,low,medium,high,medium,low,low,centre,female,45-59,high
18953,LT,medium,medium,high,medium,medium,medium,medium,high,medium,medium,centre,male,30-44,high
24072,LT,medium,medium,high,low,low,medium,medium,medium,medium,low,left,female,60+,low
20143,LT,medium,high,high,low,low,medium,low,high,high,medium,left,male,18-29,medium
12775,LT,low,medium,low,low,low,high,medium,high,low,low,right,female,18-29,medium
16482,LT,low,medium,medium,low,low,medium,low,low,low,low,centre,male,60+,medium
27859,LT,medium,low,high,medium,medium,medium,high,high,medium,medium,centre,female,60+,high
10292,LT,low,medium,high,medium,low,medium,medium,high,medium,low,centre,male,30-44,medium
20979,LT,medium,medium,medium,medium,low,high,medium,high,medium,low,centre,male,30-44,high
56110,ME,low,medium,medium,low,medium,high,low,medium,high,medium,centre,female,60+,medium
81253,ME,low,low,low,low,low,medium,medium,high,medium,low,centre,female,18-29,low
78935,ME,medium,medium,medium,medium,high,low,high,medium,medium,medium,centre,male,30-44,high
73832,ME,high,low,low,low,low,medium,high,medium,medium,medium,right,male,18-29,medium
77021,ME,low,low,low,low,low,low,medium,low,medium,medium,left,female,60+,medium
64602,ME,medium,medium,high,low,low,medium,medium,high,low,low,centre,female,60+,low
27449,ME,medium,medium,high,medium,low,low,medium,medium,medium,high,right,female,45-59,medium
25503,ME,medium,medium,medium,medium,medium,high,high,high,medium,medium,centre,female,45-59,high
79438,ME,low,low,low,low,low,high,medium,medium,medium,low,left,female,45-59,medium
69242,ME,medium,medium,medium,medium,medium,medium,medium,high,medium,medium,centre,female,60+,medium
66352,ME,medium,medium,medium,medium,medium,medium,medium,high,medium,medium,centre,female,45-59,medium
51296,ME,high,medium,medium,medium,medium,low,high,medium,medium,medium,centre,male,60+,low
21851,ME,medium,low,medium,low,medium,low,high,high,low,low,centre,female,45-59,medium
68888,ME,medium,high,medium,high,medium,medium,medium,high,high,high,left,male,45-59,medium
10689,ME,low,low,medium,low,low,medium,low,high,low,low,right,male,30-44,medium
82071,ME,medium,low,high,medium,medium,medium,high,medium,medium,low,centre,male,60+,medium
67874,ME,medium,high,high,low,low,high,high,high,high,low,centre,female,30-44,high
62797,ME,low,low,low,medium,medium,medium,high,high,low,low,left,female,18-29,medium
78780,ME,medium,low,low,low,low,medium,medium,low,low,low,centre,female,60+,medium
70214,ME,medium,medium,medium,medium,medium,high,high,medium,medium,medium,left,male,60+,low
73785,ME,high,high,high,high,high,high,high,high,high,high,left,male,30-44,medium
62255,ME,medium,medium,high,medium,medium,medium,medium,high,high,medium,centre,female,30-44,medium
61251,ME,low,medium,high,low,low,medium,low,medium,high,medium,right,male,60+,medium
64179,ME,low,low,low,low,medium,low,medium,high,high,high,left,male,60+,medium
70882,ME,medium,medium,medium,medium,medium,medium,low,medium,medium,medium,right,female,18-29,high
68585,ME,high,high,high,high,high,high,high,high,high,high,centre,female,18-29,medium
68338,ME,low,low,low,low,low,low,medium,high,low,low,left,female,45-59,medium
70207,ME,medium,high,high,high,high,high,high,high,low,high,right,male,18-29,medium
54048,ME,medium,medium,medium,low,low,high,medium,high,low,medium,left,female,NA,medium
67278,ME,medium,medium,medium,medium,low,medium,medium,high,low,low,left,female,18-29,low
50141,ME,low,low,low,low,low,medium,low,medium,low,low,left,male,30-44,medium
58458,ME,medium,medium,medium,low,low,medium,medium,medium,low,low,left,female,60+,low
75647,ME,medium,low,low,low,low,high,medium,high,low,medium,right,male,45-59,medium
74530,ME,low,low,low,low,low,medium,high,medium,low,medium,centre,male,30-44,high
52747,ME,low,high,high,low,low,high,medium,high,low,low,left,male,30-44,high
60174,ME,low,low,low,medium,high,medium,medium,medium,high,low,left,male,45-59,medium
69241,ME,low,medium,medium,low,high,medium,medium,medium,high,medium,centre,male,30-44,medium
55719,ME,medium,low,high,medium,medium,low,high,medium,low,medium,centre,male,60+,low
61959,ME,high,medium,high,medium,low,high,high,high,medium,medium,centre,female,18-29,high
71121,ME,high,high,medium,medium,medium,medium,high,high,medium,medium,centre,female,45-59,high
74745,ME,medium,high,medium,medium,medium,medium,high,high,medium,medium,left,male,30-44,high
60201,ME,medium,medium,high,low,low,medium,high,medium,medium,medium,centre,female,30-44,medium
56323,ME,high,medium,low,low,low,medium,high,medium,medium,medium,right,male,NA,high
54096,ME,high,high,high,high,medium,high,high,high,high,medium,centre,female,60+,high
26763,ME,medium,low,medium,medium,medium,high,medium,high,medium,medium,centre,male,18-29,medium
63700,ME,medium,high,high,low,medium,medium,high,medium,medium,high,centre,male,30-44,high
53570,ME,medium,low,medium,medium,low,low,medium,medium,low,low,left,male,45-59,medium
59899,ME,medium,medium,medium,medium,low,high,low,high,medium,low,left,male,18-29,medium
51186,ME,low,low,medium,low,low,high,high,high,high,high,left,female,60+,medium
65836,ME,high,high,medium,medium,medium,medium,medium,high,medium,medium,centre,female,18-29,medium
54777,ME,low,low,low,low,low,high,medium,high,medium,medium,left,male,30-44,high
65121,ME,medium,low,low,low,low,low,low,high,low,low,left,male,60+,medium
61040,ME,low,low,low,low,low,low,low,high,medium,low,right,male,60+,medium
80756,ME,low,low,low,low,low,medium,medium,high,low,low,left,female,60+,medium
58547,ME,medium,high,medium,medium,medium,medium,medium,medium,medium,medium,centre,female,45-59,medium
61130,ME,medium,low,medium,low,medium,high,high,high,medium,medium,right,male,18-29,high
64536,ME,medium,medium,medium,medium,medium,medium,high,medium,medium,medium,centre,female,30-44,high
50032,ME,medium,medium,medium,medium,medium,low,medium,low,low,medium,left,male,45-59,medium
16662,ME,low,low,low,low,medium,low,high,high,low,low,right,male,45-59,medium
60690,ME,high,high,high,high,high,high,medium,high,high,high,right,female,60+,low
59042,ME,low,medium,high,low,low,low,low,medium,low,low,left,male,30-44,high
69580,ME,low,low,low,low,low,low,low,high,low,low,centre,male,60+,high
53884,ME,low,low,low,low,low,medium,medium,medium,low,low,left,female,60+,high
54593,ME,medium,low,medium,low,low,low,medium,high,low,medium,right,male,18-29,medium
57386,ME,low,medium,high,high,medium,low,high,high,high,low,centre,female,60+,medium
53685,ME,low,low,low,low,low,medium,medium,medium,medium,medium,centre,female,30-44,high
67721,ME,medium,medium,medium,medium,medium,medium,high,high,medium,medium,left,male,60+,medium
74763,ME,low,low,low,low,low,low,medium,low,medium,low,left,female,30-44,medium
58698,ME,low,low,low,low,low,medium,medium,medium,low,low,centre,male,30-44,medium
59125,ME,medium,medium,high,high,medium,medium,high,high,high,medium,left,male,60+,low
77859,ME,high,medium,medium,medium,high,medium,medium,medium,medium,high,centre,male,18-29,medium
79819,ME,low,low,medium,low,low,low,high,low,low,medium,centre,male,18-29,medium
69559,ME,high,low,medium,low,low,high,high,high,medium,low,left,male,18-29,medium
15407,ME,medium,low,medium,low,low,low,low,high,low,low,centre,female,60+,low
73867,ME,high,high,high,low,low,high,high,high,medium,high,centre,male,30-44,medium
69365,ME,low,low,medium,medium,medium,low,medium,high,low,low,left,male,60+,medium
63701,ME,medium,medium,high,low,low,medium,medium,high,medium,low,left,male,18-29,medium
55854,ME,high,high,high,medium,high,high,medium,high,medium,medium,centre,male,60+,medium
72198,ME,medium,medium,medium,medium,medium,low,medium,high,low,low,left,male,30-44,medium
54827,ME,low,low,medium,medium,medium,medium,high,high,high,high,centre,male,18-29,medium
58328,ME,low,low,medium,low,low,medium,high,medium,low,low,centre,male,45-59,medium
74696,ME,medium,low,high,medium,medium,medium,medium,medium,medium,medium,left,male,30-44,medium
68513,ME,low,low,low,low,low,medium,medium,high,medium,medium,left,male,30-44,medium
58776,ME,medium,medium,medium,low,low,medium,low,high,low,low,centre,male,45-59,medium
73677,ME,low,low,medium,low,low,low,medium,medium,medium,medium,left,male,18-29,medium
54078,ME,medium,medium,medium,medium,medium,high,high,high,low,medium,centre,female,60+,low
68427,ME,low,low,medium,low,low,low,medium,high,low,low,left,male,60+,medium
68145,ME,low,medium,high,low,low,low,medium,high,medium,medium,right,male,60+,low
68343,ME,low,low,medium,low,low,medium,medium,high,low,medium,centre,female,30-44,medium
20937,ME,low,medium,high,low,low,high,medium,high,low,low,left,male,18-29,high
55568,ME,medium,low,medium,medium,high,medium,medium,medium,medium,high,centre,female,18-29,medium
54043,ME,medium,medium,medium,medium,medium,low,high,high,medium,high,right,male,18-29,high
52639,ME,medium,medium,low,low,medium,medium,medium,high,medium,medium,left,male,30-44,high
63557,ME,low,low,medium,low,low,low,low,high,low,low,centre,female,45-59,medium
81205,ME,low,medium,low,medium,medium,medium,medium,low,medium,low,left,female,18-29,medium
73629,ME,low,low,high,low,low,medium,low,medium,medium,medium,left,female,60+,low
71787,ME,medium,medium,high,medium,medium,medium,medium,high,medium,medium,left,male,45-59,medium
68621,ME,medium,medium,medium,low,medium,medium,low,medium,low,medium,centre,male,18-29,medium
27121,MK,low,low,low,low,low,medium,high,medium,low,low,centre,female,18-29,medium
24889,MK,low,low,medium,low,low,medium,medium,high,low,low,centre,male,45-59,medium
10780,MK,high,high,high,high,medium,low,low,high,medium,high,left,female,60+,high
27871,MK,low,low,low,medium,medium,low,high,medium,low,medium,centre,female,60+,high
23281,MK,low,low,low,medium,low,low,high,high,medium,low,right,male,60+,medium
16305,MK,medium,low,medium,low,low,medium,medium,medium,low,medium,centre,female,45-59,medium
18799,MK,low,low,medium,low,low,low,high,high,low,low,right,male,60+,medium
26332,MK,medium,low,medium,medium,medium,medium,medium,low,medium,high,centre,female,30-44,medium
11868,MK,low,low,low,low,low,medium,low,medium,low,medium,left,male,30-44,high
17687,MK,low,low,low,low,low,low,high,low,low,low,centre,male,60+,low
22286,MK,high,medium,high,medium,high,medium,high,high,high,high,left,female,45-59,high
16656,MK,medium,medium,medium,low,low,medium,high,high,low,low,centre,female,60+,medium
16128,MK,high,medium,high,medium,medium,medium,medium,medium,medium,medium,left,male,60+,medium
13629,MK,low,medium,medium,low,low,low,high,medium,medium,low,centre,male,30-44,medium
11218,MK,high,medium,medium,medium,medium,medium,high,low,low,medium,left,female,60+,low
17259,MK,low,low,medium,low,low,low,medium,low,low,low,centre,female,NA,medium
24532,MK,low,medium,low,low,low,medium,medium,high,medium,medium,centre,male,45-59,high
19262,MK,low,low,high,low,low,medium,high,high,low,low,centre,female,60+,medium
14481,MK,low,low,low,low,low,low,high,high,low,low,centre,male,45-59,medium
20504,MK,medium,medium,high,medium,high,high,high,high,high,high,centre,female,60+,low
23426,MK,medium,medium,high,medium,medium,medium,medium,high,medium,medium,right,female,30-44,medium
13592,MK,low,low,low,low,low,medium,medium,low,medium,low,right,male,45-59,medium
13884,MK,low,low,low,low,low,high,high,high,medium,low,left,female,60+,low
25031,MK,low,low,medium,low,low,medium,high,medium,low,low,left,female,30-44,medium
26331,MK,low,low,low,low,low,low,high,high,medium,low,right,male,45-59,medium
20921,MK,medium,medium,high,low,low,medium,medium,medium,low,low,centre,male,45-59,low
14780,MK,medium,medium,medium,medium,medium,low,high,medium,medium,medium,centre,female,30-44,medium
17317,MK,low,low,low,low,low,high,medium,medium,low,low,centre,female,60+,medium
22606,MK,medium,medium,medium,medium,low,medium,high,medium,medium,medium,left,female,45-59,high
10251,MK,low,medium,medium,medium,medium,medium,medium,medium,medium,medium,centre,female,30-44,medium
16773,MK,low,medium,high,low,low,low,high,low,low,medium,centre,female,45-59,low
16011,MK,low,low,low,low,low,medium,high,high,low,low,centre,female,18-29,medium
21055,MK,low,low,medium,low,low,low,high,medium,low,low,right,male,30-44,high
12221,MK,low,low,medium,high,medium,low,medium,medium,medium,high,left,female,60+,medium
17086,MK,low,low,medium,medium,medium,medium,medium,high,low,low,right,male,45-59,low
10917,MK,medium,high,high,low,medium,low,high,high,high,high,centre,female,30-44,high
18479,MK,low,low,low,low,low,medium,high,low,low,medium,centre,male,60+,medium
24495,MK,low,low,medium,low,low,low,high,high,low,low,centre,female,NA,high
17502,MK,low,low,low,low,low,low,high,medium,low,low,centre,male,60+,low
25519,MK,low,low,low,low,low,low,medium,high,low,low,centre,female,30-44,high
25403,MK,low,low,medium,medium,low,medium,high,medium,low,low,left,male,60+,high
16766,MK,medium,medium,medium,low,medium,medium,medium,medium,low,medium,centre,male,30-44,high
16847,MK,medium,low,high,low,low,medium,low,medium,medium,high,centre,male,60+,high
19502,MK,low,low,low,low,low,medium,medium,high,low,low,centre,male,60+,medium
24492,MK,medium,low,low,medium,medium,low,high,high,low,low,right,female,30-44,high
10088,MK,medium,medium,medium,medium,low,medium,low,medium,medium,medium,centre,female,45-59,high
27905,MK,medium,low,high,medium,medium,medium,high,high,medium,high,left,female,60+,high
18142,MK,medium,low,medium,medium,medium,medium,high,high,medium,high,right,male,18-29,medium
26267,MK,medium,medium,medium,low,high,medium,high,high,low,medium,left,male,60+,medium
11854,MK,medium,medium,medium,low,low,medium,high,low,low,low,right,female,60+,low
11720,MK,low,low,low,low,low,medium,high,high,low,low,centre,male,60+,low
21384,MK,high,high,medium,high,low,high,high,medium,medium,medium,left,female,45-59,low
14648,MK,medium,medium,medium,low,low,medium,high,medium,medium,medium,centre,female,45-59,medium
24237,MK,low,low,low,low,low,low,low,medium,low,low,centre,male,45-59,high
18704,MK,low,low,low,low,low,medium,high,high,low,low,left,female,45-59,medium
20440,MK,low,low,medium,low,medium,medium,high,high,low,low,right,male,60+,medium
26468,MK,high,high,high,medium,medium,low,medium,high,medium,medium,right,male,30-44,low
18907,MK,medium,medium,high,high,medium,high,high,high,high,high,left,female,60+,medium
14033,MK,low,low,medium,low,low,low,medium,medium,medium,medium,centre,male,60+,medium
15719,MK,low,low,low,low,low,low,high,low,low,low,left,female,45-59,medium
19019,MK,high,high,high,high,medium,high,high,high,high,medium,centre,female,30-44,high
14084,MK,low,low,low,low,low,high,medium,high,medium,low,right,female,18-29,low
11075,MK,low,low,medium,low,low,low,high,low,low,low,left,female,60+,medium
13994,MK,low,low,medium,low,low,low,high,medium,low,low,left,female,45-59,high
26382,MK,low,low,low,low,high,low,high,high,low,low,right,female,45-59,medium
27169,MK,high,high,high,high,high,medium,high,medium,medium,high,centre,male,60+,medium
18228,MK,medium,medium,low,low,low,medium,high,high,low,low,centre,male,18-29,high
23794,MK,medium,medium,medium,medium,medium,low,medium,high,medium,high,centre,female,30-44,high
11702,MK,high,medium,high,medium,medium,medium,high,high,high,high,left,male,30-44,high
17539,MK,low,low,medium,low,low,low,high,low,low,low,centre,female,30-44,medium
23050,MK,medium,low,medium,high,low,medium,high,medium,low,low,centre,male,60+,high
24791,MK,medium,high,high,low,medium,low,high,high,high,medium,right,male,NA,low
17150,MK,medium,medium,medium,medium,medium,low,medium,high,high,medium,right,female,60+,medium
27925,MK,medium,medium,high,low,low,low,high,medium,medium,low,right,male,45-59,medium
11432,MK,low,medium,medium,low,low,low,medium,medium,low,low,right,female,45-59,medium
16720,MK,low,low,low,low,low,low,high,high,low,low,right,female,60+,medium
25067,MK,low,low,high,medium,medium,low,low,low,low,low,centre,male,60+,low
22242,MK,low,low,low,low,low,low,high,medium,medium,medium,right,male,45-59,high
13777,MK,low,medium,high,low,low,low,high,medium,low,low,centre,female,30-44,low
18498,MK,low,low,low,low,low,high,high,high,low,low,centre,male,60+,medium
13319,MK,high,medium,high,medium,medium,medium,medium,high,medium,high,left,female,30-44,high
22685,MK,medium,medium,high,low,medium,medium,high,high,medium,medium,centre,female,60+,medium
26512,MK,low,low,medium,low,low,medium,high,medium,low,low,right,female,30-44,low
19032,MK,medium,medium,medium,medium,medium,low,medium,high,medium,medium,left,female,18-29,medium
21406,MK,low,low,low,medium,medium,low,low,medium,low,low,centre,female,30-44,high
25326,MK,medium,low,high,low,low,low,low,medium,high,medium,right,female,60+,low
10002,MK,low,low,low,low,low,medium,medium,medium,medium,medium,right,male,45-59,medium
17215,MK,low,low,low,low,low,low,high,low,low,low,centre,female,45-59,low
17457,MK,low,medium,medium,low,low,low,high,high,low,low,left,male,18-29,low
11498,MK,low,low,medium,low,medium,low,high,medium,low,low,left,female,45-59,low
14181,MK,low,low,low,low,low,medium,high,high,medium,high,left,female,60+,medium
21608,MK,low,low,low,low,low,low,high,high,medium,low,right,male,18-29,medium
22503,MK,low,low,low,low,low,low,high,high,low,low,centre,male,30-44,medium
15272,MK,low,low,low,low,low,medium,high,medium,low,medium,right,female,60+,low
25429,MK,medium,medium,low,medium,low,high,medium,medium,medium,medium,left,female,45-59,medium
13170,MK,high,medium,medium,medium,medium,medium,medium,high,medium,medium,left,male,60+,medium
20383,MK,low,low,low,low,low,low,high,high,low,low,left,male,30-44,medium
14631,MK,low,low,low,low,low,low,high,low,low,low,centre,male,30-44,high
10757,MK,medium,medium,medium,medium,low,low,high,high,high,high,centre,male,45-59,medium
68906,NL,high,high,high,medium,medium,medium,low,high,high,medium,centre,male,30-44,high
75074,NL,medium,high,medium,medium,medium,low,low,high,medium,medium,right,male,18-29,low
76118,NL,low,medium,high,low,low,high,high,high,high,low,centre,male,45-59,high
52366,NL,high,high,high,medium,medium,medium,medium,high,high,high,right,male,60+,medium
52335,NL,medium,medium,medium,low,low,medium,medium,high,high,high,right,male,60+,low
70533,NL,medium,low,high,medium,high,medium,high,high,medium,low,centre,female,60+,low
75898,NL,high,high,high,medium,medium,medium,low,high,high,low,centre,male,45-59,high
77270,NL,high,high,high,high,medium,medium,low,high,high,high,right,male,30-44,high
70554,NL,medium,high,high,medium,medium,high,medium,high,medium,high,left,female,30-44,high
51337,NL,high,high,high,medium,high,high,high,high,medium,high,right,female,30-44,high
73402,NL,high,high,high,high,medium,high,high,high,low,medium,centre,male,18-29,medium
67962,NL,medium,medium,low,low,medium,medium,low,high,medium,low,centre,male,60+,high
62026,NL,medium,high,high,medium,medium,high,high,high,medium,medium,centre,female,45-59,high
73180,NL,high,high,high,high,high,high,medium,high,high,high,right,male,60+,high
77983,NL,low,medium,high,low,low,medium,low,high,medium,medium,centre,female,45-59,low
64864,NL,medium,high,high,medium,medium,low,low,medium,low,medium,right,male,18-29,low
56104,NL,high,high,high,high,high,low,low,high,high,high,right,male,45-59,high
64776,NL,low,medium,medium,low,medium,medium,medium,high,medium,low,centre,male,45-59,low
66422,NL,high,high,high,high,high,medium,low,high,high,medium,centre,female,30-44,high
69111,NL,high,high,high,high,high,high,low,high,high,high,centre,female,45-59,high
69918,NL,high,high,high,high,high,high,low,high,high,high,right,female,60+,low
79532,NL,medium,medium,medium,low,medium,high,high,high,medium,medium,centre,male,18-29,high
55458,NL,medium,medium,high,low,low,medium,medium,medium,medium,low,centre,female,30-44,high
58902,NL,medium,high,high,medium,medium,medium,high,high,high,medium,left,male,60+,low
81468,NL,high,high,high,high,high,medium,high,high,high,high,right,male,30-44,high
63766,NL,high,medium,high,medium,medium,high,medium,high,low,low,left,female,45-59,high
67757,NL,medium,high,high,low,medium,high,low,high,low,low,left,male,18-29,low
50840,NL,medium,low,high,medium,medium,medium,medium,high,medium,medium,centre,female,60+,low
57256,NL,high,high,low,medium,medium,medium,medium,high,high,medium,centre,female,60+,low
81329,NL,medium,medium,high,medium,medium,medium,medium,high,medium,medium,centre,female,18-29,medium
63755,NL,medium,high,high,high,medium,low,high,high,high,high,centre,female,45-59,low
58360,NL,medium,high,high,medium,medium,medium,low,high,medium,medium,left,female,30-44,high
73492,NL,high,high,high,medium,medium,medium,high,high,high,high,centre,male,60+,medium
55383,NL,medium,high,high,medium,medium,high,high,high,medium,high,centre,male,45-59,high
75203,NL,high,high,high,medium,medium,high,medium,high,medium,medium,centre,female,30-44,medium
75054,NL,medium,medium,medium,medium,medium,high,high,high,high,medium,centre,female,45-59,high
78297,NL,medium,high,high,medium,medium,high,high,high,medium,high,left,female,45-59,high
65709,NL,high,high,high,medium,high,medium,low,high,low,low,left,male,30-44,high
70108,NL,medium,medium,high,medium,high,medium,high,high,medium,medium,centre,female,60+,low
54118,NL,low,low,high,low,low,medium,low,high,low,low,centre,female,30-44,low
73169,NL,high,high,high,high,medium,medium,high,high,high,medium,centre,male,30-44,medium
79962,NL,high,high,high,medium,medium,low,low,high,high,medium,right,male,18-29,medium
81429,NL,medium,high,high,medium,medium,medium,medium,high,high,medium,centre,female,18-29,low
65010,NL,medium,high,high,medium,medium,high,low,high,high,medium,left,male,45-59,high
82147,NL,high,high,medium,high,medium,medium,low,high,medium,high,right,female,18-29,medium
54259,NL,medium,medium,medium,medium,medium,medium,low,high,medium,medium,centre,female,60+,low
71702,NL,medium,medium,high,high,medium,medium,low,high,medium,medium,centre,female,18-29,low
80920,NL,high,medium,high,medium,medium,low,low,high,high,high,left,female,45-59,high
68987,NL,high,high,high,medium,medium,high,medium,high,high,medium,right,female,45-59,medium
76402,NL,low,low,medium,low,low,high,high,high,medium,medium,right,female,60+,low
68871,NL,high,high,high,high,medium,medium,medium,high,medium,high,right,female,30-44,high
57402,NL,low,high,high,low,low,medium,high,high,high,low,centre,male,45-59,high
75121,NL,high,high,high,high,high,high,high,high,high,high,centre,male,60+,low
76909,NL,high,high,high,medium,medium,high,low,high,high,high,centre,female,30-44,high
80375,NL,medium,high,high,medium,medium,medium,low,medium,medium,medium,centre,male,18-29,medium
58084,NL,medium,medium,medium,medium,medium,high,medium,high,medium,high,centre,female,60+,low
69271,NL,high,high,high,medium,high,high,low,high,medium,medium,left,male,45-59,low
67676,NL,high,high,high,high,high,high,high,high,medium,high,centre,female,60+,low
63757,NL,high,high,high,high,high,medium,low,high,high,high,left,female,18-29,high
56301,NL,low,low,high,low,low,high,low,high,low,low,centre,female,18-29,medium
81043,NL,medium,medium,medium,low,low,medium,high,high,medium,low,right,male,60+,high
69500,NL,low,medium,medium,low,low,medium,low,high,medium,low,left,male,45-59,high
65355,NL,high,high,high,high,high,medium,high,high,medium,high,centre,female,45-59,low
56594,NL,high,high,high,medium,medium,medium,medium,high,medium,medium,centre,male,45-59,high
71311,NL,high,low,medium,low,low,medium,high,high,low,high,centre,male,18-29,low
65606,NL,medium,medium,high,medium,medium,medium,low,high,high,high,right,female,60+,low
64156,NL,high,high,high,low,low,high,low,high,high,medium,centre,male,60+,medium
81604,NL,low,medium,medium,low,medium,high,medium,medium,medium,low,centre,male,60+,low
54187,NL,medium,high,high,medium,medium,high,medium,high,high,medium,right,male,30-44,medium
74852,NL,medium,medium,low,medium,medium,medium,low,high,high,high,centre,male,60+,low
58106,NL,medium,medium,high,medium,medium,high,medium,high,medium,medium,centre,female,60+,low
75907,NL,high,high,high,high,high,high,high,high,high,high,centre,male,45-59,low
64812,NL,medium,medium,medium,medium,medium,medium,low,high,high,medium,right,male,30-44,medium
60628,NL,high,medium,high,medium,medium,medium,low,high,low,medium,centre,female,30-44,medium
53620,NL,high,high,high,medium,medium,high,medium,high,medium,medium,right,female,45-59,high
53180,NL,high,high,high,high,high,medium,medium,high,high,medium,centre,male,60+,high
64849,NL,medium,high,high,medium,high,medium,low,high,high,medium,right,female,30-44,high
66723,NL,medium,high,high,medium,medium,medium,low,high,high,medium,right,male,18-29,high
56206,NL,low,medium,medium,low,medium,medium,medium,high,high,medium,centre,female,30-44,high
55589,NL,medium,high,high,medium,medium,medium,high,high,high,medium,right,male,60+,medium
59128,NL,high,high,high,medium,medium,high,low,high,medium,medium,centre,male,45-59,high
58304,NL,medium,medium,high,medium,medium,high,low,high,medium,medium,left,male,30-44,high
68810,NL,high,high,high,high,high,high,low,high,high,high,left,female,30-44,high
57719,NL,high,high,high,medium,medium,medium,low,high,high,medium,centre,male,18-29,low
60639,NL,high,high,high,medium,medium,high,low,high,high,high,left,male,60+,high
52517,NL,medium,medium,high,high,high,medium,medium,high,medium,high,right,female,60+,low
69718,NL,high,high,medium,high,medium,medium,low,high,medium,high,left,female,18-29,high
58962,NL,high,high,high,medium,medium,medium,low,high,high,high,right,female,45-59,medium
58335,NL,medium,medium,high,high,high,high,high,high,high,high,centre,female,60+,low
55133,NL,low,low,medium,low,low,low,low,medium,medium,low,right,female,45-59,low
71548,NL,medium,low,medium,low,medium,medium,low,high,medium,low,centre,female,30-44,medium
77676,NL,medium,high,high,high,medium,medium,high,high,high,high,centre,male,60+,high
77369,NL,low,high,high,medium,medium,medium,low,high,medium,medium,right,female,45-59,medium
56911,NL,high,high,high,medium,medium,high,medium,high,medium,low,left,male,30-44,high
81891,NL,low,medium,high,low,low,low,low,high,medium,low,right,female,30-44,low
63311,NL,high,high,high,medium,high,medium,high,medium,medium,medium,left,male,30-44,high
52227,NL,high,high,high,high,medium,medium,low,high,high,medium,centre,female,18-29,medium
78459,NL,medium,high,high,medium,medium,medium,low,high,high,medium,centre,male,45-59,high
79153,NL,medium,high,high,medium,medium,medium,medium,medium,medium,medium,right,male,45-59,medium
63670,NL,low,low,high,low,medium,high,high,medium,medium,low,centre,male,60+,medium
63258,NO,medium,high,medium,medium,medium,medium,low,high,medium,medium,centre,male,60+,high
58826,NO,medium,high,high,medium,medium,medium,low,high,high,high,right,male,45-59,high
79031,NO,high,high,high,high,high,high,low,high,high,medium,left,female,18-29,high
64179,NO,medium,medium,medium,medium,medium,medium,high,high,medium,medium,centre,female,60+,high
62287,NO,high,high,high,high,high,high,high,high,high,high,right,male,45-59,high
56668,NO,high,high,high,high,high,medium,medium,high,high,low,centre,male,18-29,low
66921,NO,high,high,high,medium,medium,high,low,high,medium,high,centre,female,30-44,high
60810,NO,medium,high,high,medium,medium,high,high,high,medium,medium,right,female,60+,high
81588,NO,high,high,high,high,medium,high,low,high,high,medium,left,female,30-44,high
56126,NO,high,high,high,high,high,high,low,high,high,high,right,female,18-29,medium
60053,NO,medium,medium,medium,low,medium,medium,low,medium,low,low,centre,female,45-59,high
51378,NO,high,high,high,high,high,high,high,high,high,high,right,male,60+,high
69482,NO,medium,high,high,medium,medium,medium,medium,high,medium,medium,right,male,30-44,high
55599,NO,high,medium,high,high,medium,low,high,high,high,high,right,female,60+,high
78431,NO,medium,high,high,medium,high,medium,low,high,medium,medium,right,male,60+,high
59068,NO,medium,high,high,high,high,medium,medium,high,high,medium,right,male,18-29,medium
69083,NO,high,high,high,medium,medium,medium,low,high,medium,medium,centre,female,18-29,low
62836,NO,high,high,high,high,high,high,low,high,high,high,centre,male,18-29,high
50013,NO,high,high,high,medium,high,medium,medium,high,high,high,centre,male,45-59,medium
63816,NO,medium,medium,high,medium,medium,high,low,high,medium,high,centre,female,60+,high
54672,NO,low,low,low,low,medium,high,high,high,medium,low,left,male,18-29,low
78721,NO,high,high,high,high,high,high,low,high,high,medium,centre,female,30-44,high
81272,NO,high,high,high,medium,high,medium,low,high,high,high,centre,male,18-29,medium
70299,NO,high,high,high,medium,medium,high,high,high,high,high,left,female,45-59,high
76333,NO,high,high,high,high,high,high,low,high,high,high,centre,female,30-44,high
66525,NO,medium,high,high,medium,high,medium,low,medium,high,low,left,male,45-59,high
61786,NO,high,high,high,high,high,high,medium,high,high,medium,left,female,18-29,low
59672,NO,medium,high,high,high,high,high,medium,medium,high,medium,right,male,45-59,medium
74763,NO,high,high,high,medium,high,high,low,high,high,high,right,male,60+,high
63624,NO,high,high,high,medium,high,high,low,high,high,medium,right,male,30-44,high
67154,NO,low,medium,high,low,low,medium,low,high,medium,low,left,male,30-44,medium
64905,NO,high,high,high,high,high,high,medium,high,high,medium,left,male,60+,medium
66497,NO,high,high,high,medium,medium,medium,low,high,high,medium,left,male,60+,medium
50311,NO,high,medium,medium,low,medium,high,low,medium,medium,high,centre,male,18-29,low
54472,NO,high,high,high,high,high,medium,low,high,high,high,centre,male,18-29,low
79815,NO,medium,high,high,high,high,high,low,high,high,high,centre,female,45-59,high
53296,NO,high,low,low,low,low,medium,medium,high,medium,high,right,male,60+,high
51800,NO,high,medium,medium,high,medium,medium,low,high,high,high,centre,male,18-29,high
70921,NO,high,high,high,high,medium,medium,low,high,medium,medium,centre,male,30-44,high
51662,NO,high,high,high,high,high,medium,low,high,high,high,right,male,45-59,high
64611,NO,high,high,high,high,high,medium,low,high,high,high,right,male,60+,medium
67316,NO,high,high,high,high,high,high,low,high,high,high,left,male,45-59,medium
53291,NO,high,high,high,high,high,medium,low,high,high,high,centre,male,45-59,high
77654,NO,high,high,high,high,high,high,high,high,high,high,centre,male,18-29,low
54726,NO,medium,medium,high,low,low,low,medium,high,medium,medium,right,female,30-44,medium
67930,NO,high,high,high,high,high,high,low,high,high,medium,right,male,30-44,high
51124,NO,high,high,high,medium,high,high,low,medium,high,high,centre,female,18-29,high
71323,NO,medium,high,high,medium,medium,medium,low,high,high,medium,centre,female,45-59,medium
52872,NO,high,high,high,medium,medium,medium,low,low,high,high,right,male,30-44,high
74732,NO,high,high,high,high,high,medium,low,medium,high,high,right,female,18-29,medium
51214,NO,medium,high,high,low,low,high,low,high,medium,low,centre,male,30-44,medium
68559,NO,high,high,high,high,high,high,low,high,high,medium,left,male,45-59,medium
66724,NO,high,high,high,high,high,medium,low,high,high,high,right,male,18-29,low
64527,NO,low,medium,medium,low,low,medium,high,high,high,low,right,female,45-59,high
58967,NO,high,high,high,high,high,high,medium,high,high,high,centre,female,30-44,high
70074,NO,high,high,high,medium,medium,high,medium,medium,medium,high,left,female,18-29,low
53993,NO,high,high,high,high,high,high,high,high,high,high,right,male,18-29,high
67738,NO,high,high,high,high,high,medium,low,high,medium,medium,right,male,30-44,high
61849,NO,medium,medium,high,medium,medium,high,high,high,high,high,left,male,45-59,high
50074,NO,medium,high,medium,low,low,medium,low,high,high,low,right,male,45-59,medium
75573,NO,low,low,medium,low,low,low,low,high,medium,low,right,female,60+,medium
53410,NO,medium,medium,high,medium,medium,medium,low,medium,medium,medium,centre,female,18-29,low
74689,NO,medium,high,high,medium,medium,medium,low,high,medium,low,centre,female,18-29,medium
69903,NO,high,high,high,medium,high,medium,low,high,high,medium,centre,male,45-59,high
71967,NO,high,high,high,medium,medium,medium,medium,high,medium,medium,right,female,60+,high
63257,NO,high,high,high,medium,medium,medium,low,high,high,high,right,male,60+,high
80516,NO,high,high,high,high,high,high,low,high,high,high,centre,female,60+,medium
55269,NO,medium,medium,high,medium,medium,high,low,high,high,medium,centre,female,60+,high
56639,NO,medium,high,high,medium,medium,medium,low,high,medium,medium,right,female,18-29,medium
76657,NO,high,high,high,high,medium,medium,high,high,high,high,centre,female,60+,high
69356,NO,medium,high,high,medium,medium,high,low,high,medium,medium,right,male,18-29,medium
59769,NO,medium,medium,medium,medium,medium,high,low,high,medium,medium,centre,male,18-29,medium
50209,NO,high,high,high,high,high,high,medium,high,high,high,right,male,60+,medium
73151,NO,medium,high,high,medium,medium,medium,low,high,high,medium,right,male,60+,high
54235,NO,high,high,high,high,high,high,low,high,high,high,centre,female,18-29,low
51498,NO,medium,medium,medium,medium,medium,medium,medium,high,high,high,centre,female,60+,medium
70798,NO,medium,high,high,medium,medium,high,low,high,high,medium,right,male,45-59,high
54658,NO,low,low,medium,medium,low,medium,medium,high,high,low,centre,male,60+,low
64906,NO,high,high,high,medium,medium,high,low,high,high,medium,centre,female,45-59,high
78817,NO,medium,low,high,medium,medium,high,low,medium,medium,medium,left,female,45-59,high
56589,NO,high,high,high,high,high,high,low,high,high,high,left,male,60+,high
52026,NO,high,medium,high,medium,medium,medium,low,high,high,high,left,female,60+,high
72870,NO,high,high,high,high,high,high,medium,high,high,high,right,female,60+,high
53417,NO,high,high,high,low,low,low,high,low,low,low,centre,male,45-59,high
72934,NO,high,high,high,medium,medium,medium,low,high,high,high,right,female,60+,high
68535,NO,medium,high,high,medium,medium,high,medium,high,high,medium,centre,female,60+,high
59831,NO,high,high,high,medium,medium,high,high,high,high,high,centre,female,30-44,high
57421,NO,medium,medium,high,low,low,high,low,medium,high,medium,left,male,45-59,high
76220,NO,high,high,high,high,high,high,medium,high,high,high,right,male,45-59,high
59574,NO,high,high,high,high,high,medium,medium,high,medium,high,left,female,45-59,high
74281,NO,medium,medium,medium,medium,medium,medium,low,high,high,medium,centre,male,60+,high
55343,NO,high,high,high,medium,medium,high,medium,high,medium,low,centre,female,45-59,high
63067,NO,medium,high,high,medium,medium,high,low,high,high,medium,centre,female,18-29,high
53084,NO,high,high,high,medium,medium,high,low,medium,high,high,centre,female,30-44,high
77812,NO,high,high,high,medium,medium,high,high,high,high,high,right,female,18-29,high
58474,NO,high,high,high,medium,medium,medium,high,high,high,high,centre,female,60+,high
70785,NO,high,medium,medium,medium,medium,high,low,high,high,high,centre,male,18-29,medium
61147,NO,high,high,high,high,high,high,low,high,medium,high,left,male,60+,medium
61072,NO,high,high,medium,medium,high,high,low,high,high,high,centre,male,60+,high
62023,NO,high,high,high,high,high,medium,low,high,high,high,left,female,30-44,high
78765,PT,high,low,high,medium,medium,low,low,medium,low,medium,centre,male,45-59,low
52537,PT,medium,high,high,medium,high,medium,medium,medium,medium,high,left,male,18-29,high
69325,PT,medium,medium,high,medium,medium,medium,medium,high,medium,low,left,female,30-44,low
60409,PT,low,low,low,low,medium,medium,high,high,medium,low,right,male,60+,high
79221,PT,medium,medium,low,medium,medium,medium,low,high,low,high,right,male,30-44,low
55747,PT,high,medium,high,medium,medium,medium,low,high,high,high,right,female,30-44,medium
59975,PT,medium,medium,high,medium,medium,medium,high,medium,medium,medium,left,male,60+,low
80208,PT,medium,medium,medium,low,low,high,high,medium,low,medium,left,female,60+,high
70501,PT,high,high,high,high,high,high,medium,high,high,high,centre,male,60+,high
65812,PT,high,medium,medium,low,low,high,high,medium,high,high,left,male,60+,low
69612,PT,medium,medium,high,low,low,high,medium,high,medium,high,centre,male,60+,low
53838,PT,low,low,medium,low,low,medium,low,high,low,high,left,female,60+,low
64030,PT,medium,low,medium,low,low,medium,high,high,medium,high,centre,female,60+,low
59923,PT,medium,medium,high,medium,medium,high,low,high,high,medium,centre,male,30-44,medium
53176,PT,medium,medium,medium,low,low,medium,medium,medium,medium,medium,centre,female,45-59,low
76670,PT,low,low,medium,low,low,medium,medium,high,low,low,left,female,45-59,low
75192,PT,high,low,high,medium,medium,medium,high,medium,low,low,right,male,60+,medium
76494,PT,medium,medium,high,medium,medium,medium,low,high,medium,medium,centre,female,30-44,high
62221,PT,high,medium,high,medium,medium,high,low,high,high,high,centre,male,30-44,high
66919,PT,low,low,high,low,low,medium,medium,low,low,low,left,female,60+,low
66680,PT,low,low,medium,low,low,high,low,high,medium,high,centre,male,30-44,medium
70637,PT,medium,medium,high,medium,medium,medium,medium,high,medium,medium,left,female,30-44,high
50371,PT,high,medium,high,medium,high,high,low,high,medium,medium,left,male,45-59,high
59747,PT,low,low,high,medium,low,medium,medium,high,medium,medium,centre,male,60+,low
76830,PT,medium,low,low,low,low,medium,low,high,medium,high,left,female,60+,low
69535,PT,medium,medium,high,medium,medium,medium,medium,medium,medium,medium,centre,female,18-29,medium
55184,PT,low,low,high,low,low,medium,low,high,medium,medium,centre,female,45-59,low
58517,PT,medium,high,medium,medium,high,medium,high,high,medium,medium,right,female,18-29,medium
69109,PT,medium,low,high,medium,medium,medium,high,high,medium,high,left,male,60+,low
60447,PT,low,low,medium,low,low,medium,medium,medium,medium,medium,centre,female,45-59,medium
76019,PT,low,low,medium,low,medium,medium,medium,high,medium,medium,centre,male,45-59,low
78994,PT,low,low,low,low,low,high,high,high,low,low,left,female,60+,low
60883,PT,high,low,medium,low,low,medium,high,high,low,medium,left,female,60+,low
81408,PT,low,medium,high,low,low,high,low,medium,low,medium,centre,female,60+,low
60332,PT,high,medium,medium,medium,medium,high,low,high,high,low,left,male,30-44,medium
65042,PT,low,low,high,low,low,low,high,medium,low,low,centre,male,60+,low
62997,PT,high,high,high,high,medium,high,medium,high,high,high,right,male,45-59,high
52926,PT,medium,low,high,medium,medium,medium,high,high,medium,medium,centre,female,60+,low
51515,PT,low,low,medium,low,low,medium,medium,low,low,medium,left,male,60+,medium
50853,PT,low,low,high,low,low,medium,high,low,low,medium,centre,female,60+,low
67264,PT,medium,low,high,low,low,medium,medium,medium,medium,medium,right,male,30-44,low
72094,PT,low,low,medium,low,low,medium,high,medium,low,low,centre,male,45-59,low
54904,PT,medium,high,high,medium,low,high,high,high,high,medium,right,male,45-59,high
67189,PT,high,medium,medium,medium,medium,medium,high,high,medium,medium,left,female,45-59,low
63496,PT,medium,low,medium,medium,medium,low,medium,high,medium,medium,centre,male,45-59,medium
79118,PT,medium,medium,medium,low,low,medium,low,medium,medium,medium,left,male,45-59,low
58422,PT,low,low,high,low,low,medium,medium,medium,medium,medium,centre,male,45-59,low
74306,PT,high,high,medium,high,high,medium,high,high,medium,medium,right,male,45-59,low
57043,PT,medium,medium,high,low,medium,medium,medium,medium,medium,medium,centre,female,30-44,high
52595,PT,high,medium,low,low,medium,high,medium,high,medium,medium,centre,male,30-44,medium
54139,PT,medium,medium,high,low,low,medium,low,high,medium,medium,left,female,45-59,high
64783,PT,high,low,high,low,low,medium,high,high,medium,low,centre,male,60+,low
61716,PT,high,medium,high,low,medium,high,medium,high,medium,medium,left,female,45-59,medium
56710,PT,high,medium,high,medium,medium,medium,low,medium,medium,medium,centre,female,45-59,medium
60519,PT,high,low,high,low,high,high,high,medium,low,low,left,female,30-44,high
53499,PT,medium,medium,high,medium,medium,medium,high,medium,medium,medium,centre,female,45-59,medium
55688,PT,high,high,high,high,high,high,medium,high,high,high,right,female,30-44,high
80436,PT,medium,high,high,medium,medium,high,low,high,medium,medium,right,male,45-59,high
81978,PT,high,medium,medium,high,medium,high,medium,high,high,high,centre,male,45-59,high
53680,PT,medium,low,high,low,low,medium,high,high,medium,medium,centre,male,60+,low
61017,PT,medium,medium,medium,low,medium,low,low,high,low,high,left,female,30-44,high
60999,PT,high,medium,high,medium,medium,high,high,high,medium,medium,centre,male,30-44,medium
55307,PT,high,medium,high,medium,medium,high,high,high,medium,high,centre,female,18-29,high
76206,PT,high,high,high,medium,medium,medium,high,high,medium,high,centre,female,60+,low
72910,PT,medium,medium,high,medium,low,medium,low,high,medium,medium,centre,female,18-29,medium
81794,PT,high,medium,medium,low,low,high,high,medium,medium,medium,right,male,45-59,medium
56608,PT,medium,medium,high,medium,medium,medium,high,high,medium,medium,centre,male,45-59,low
53657,PT,high,medium,high,medium,medium,high,low,high,medium,medium,right,male,45-59,high
81948,PT,high,medium,high,medium,medium,high,medium,high,medium,medium,centre,female,30-44,medium
81868,PT,medium,medium,medium,low,low,medium,high,medium,high,high,centre,male,45-59,low
68719,PT,low,low,high,low,low,low,high,high,low,low,left,female,60+,low
63744,PT,medium,medium,high,low,low,low,medium,low,medium,high,centre,female,60+,low
54604,PT,medium,medium,high,low,low,high,low,high,medium,low,right,male,18-29,high
52526,PT,low,low,medium,low,low,medium,medium,medium,medium,medium,centre,female,45-59,high
73800,PT,medium,medium,medium,medium,medium,high,low,high,medium,high,left,male,45-59,medium
79095,PT,high,low,medium,medium,low,high,medium,high,medium,medium,centre,male,60+,low
59327,PT,medium,medium,high,medium,medium,medium,medium,high,medium,medium,right,female,45-59,medium
69698,PT,high,high,high,high,high,high,high,high,high,high,left,male,45-59,medium
55258,PT,low,low,high,low,low,medium,low,medium,low,low,centre,male,30-44,low
59367,PT,medium,low,medium,medium,medium,medium,high,high,medium,medium,right,female,60+,low
66811,PT,medium,low,high,low,low,high,medium,high,low,low,centre,female,18-29,medium
54504,PT,medium,medium,high,low,low,medium,high,medium,low,medium,right,female,60+,low
80788,PT,low,low,medium,low,low,low,low,medium,low,low,centre,male,60+,low
65580,PT,high,medium,medium,medium,medium,high,low,high,medium,medium,left,female,30-44,high
53619,PT,medium,medium,medium,medium,medium,medium,medium,medium,medium,medium,centre,male,45-59,low
69304,PT,low,low,low,low,low,medium,medium,high,low,medium,centre,male,60+,low
59955,PT,high,low,high,low,low,high,high,high,low,high,right,male,60+,low
77248,PT,low,low,high,low,low,high,medium,high,low,low,centre,female,60+,low
81526,PT,high,medium,medium,medium,medium,medium,medium,medium,medium,medium,right,male,60+,low
80931,PT,medium,low,low,low,low,high,high,high,medium,medium,centre,male,18-29,low
75696,PT,high,medium,high,medium,medium,medium,medium,high,medium,high,centre,female,60+,low
51002,PT,high,low,high,low,low,high,medium,high,medium,medium,centre,female,45-59,medium
73601,PT,medium,low,high,low,medium,high,high,high,medium,medium,centre,male,45-59,medium
56671,PT,high,high,high,medium,medium,medium,medium,high,medium,medium,centre,female,30-44,medium
68346,PT,medium,medium,medium,low,low,medium,medium,high,low,medium,right,female,45-59,low
59210,PT,high,medium,high,medium,high,high,low,high,medium,high,left,female,60+,high
51976,PT,low,low,high,low,low,medium,low,medium,low,medium,centre,male,45-59,low
62996,PT,high,high,high,high,high,medium,medium,high,high,high,centre,male,30-44,high
53927,PT,medium,low,high,low,low,medium,medium,medium,low,low,centre,male,60+,low
76284,PT,high,medium,high,medium,medium,high,medium,high,medium,medium,centre,female,60+,low
20582,SI,low,low,medium,low,low,medium,medium,medium,medium,low,centre,female,45-59,low
12588,SI,low,medium,high,low,low,medium,high,high,high,low,left,female,30-44,high
19546,SI,low,low,high,low,low,medium,medium,medium,medium,medium,centre,male,60+,low
21769,SI,medium,low,medium,medium,medium,medium,medium,medium,medium,high,right,female,60+,low
21492,SI,low,low,high,low,low,medium,high,high,medium,medium,centre,male,45-59,medium
10314,SI,low,high,medium,low,low,medium,high,high,medium,medium,centre,female,18-29,medium
22458,SI,low,medium,high,low,low,medium,low,medium,low,low,centre,female,30-44,high
22295,SI,low,low,low,low,low,medium,low,high,high,low,left,male,60+,medium
25721,SI,medium,high,high,medium,low,medium,high,high,low,medium,centre,female,30-44,medium
22118,SI,medium,medium,medium,medium,medium,medium,low,high,high,medium,centre,male,18-29,medium
22250,SI,medium,low,high,low,low,medium,medium,high,medium,high,centre,female,60+,medium
13123,SI,high,medium,high,low,low,high,low,high,low,medium,left,female,30-44,high
10884,SI,medium,medium,medium,low,low,high,high,high,medium,low,left,female,18-29,high
26213,SI,medium,low,medium,low,low,medium,low,high,medium,low,right,female,60+,medium
13252,SI,high,medium,high,low,low,medium,medium,medium,medium,high,centre,male,60+,low
13352,SI,low,low,medium,low,low,medium,low,high,medium,low,centre,male,60+,low
20583,SI,low,low,low,low,low,medium,low,low,medium,low,left,female,60+,high
26920,SI,medium,high,high,medium,low,low,high,high,medium,low,right,male,45-59,low
21471,SI,high,high,high,medium,medium,medium,low,high,high,low,centre,male,30-44,high
20086,SI,medium,medium,medium,medium,medium,medium,medium,medium,medium,high,right,male,45-59,medium
27273,SI,low,low,low,low,low,low,high,low,low,low,left,female,45-59,low
23681,SI,low,low,medium,low,low,medium,low,high,low,low,left,male,45-59,medium
25070,SI,low,low,low,low,low,low,low,medium,low,low,centre,male,30-44,medium
27155,SI,high,low,medium,medium,medium,medium,low,high,medium,low,centre,female,60+,high
18739,SI,high,high,high,medium,medium,low,medium,high,medium,medium,right,male,18-29,medium
19314,SI,low,low,medium,low,low,medium,low,high,low,low,centre,male,30-44,medium
18219,SI,medium,medium,medium,low,low,low,high,medium,low,medium,centre,female,60+,medium
20336,SI,low,medium,medium,low,low,medium,low,high,medium,low,centre,female,18-29,medium
24791,SI,low,medium,high,medium,low,medium,low,high,high,medium,centre,male,18-29,low
24983,SI,low,low,medium,low,low,medium,medium,high,medium,low,left,female,60+,medium
12462,SI,medium,high,high,medium,low,medium,low,high,high,medium,right,male,30-44,high
26146,SI,medium,medium,high,medium,medium,low,medium,high,medium,medium,centre,male,30-44,medium
24343,SI,medium,medium,medium,medium,medium,low,low,high,medium,low,centre,male,30-44,medium
22591,SI,medium,high,medium,medium,medium,high,low,high,medium,medium,centre,female,18-29,low
12863,SI,medium,medium,medium,low,low,low,high,high,medium,medium,right,female,45-59,high
15129,SI,medium,medium,medium,medium,medium,medium,medium,medium,medium,medium,centre,female,60+,low
12693,SI,low,low,medium,low,low,high,low,high,low,low,centre,female,30-44,high
27530,SI,medium,low,medium,low,low,low,medium,medium,medium,medium,centre,male,60+,medium
11588,SI,low,low,low,low,low,medium,medium,high,low,low,left,male,60+,medium
25519,SI,low,low,medium,low,low,medium,medium,medium,medium,low,centre,female,18-29,medium
23903,SI,medium,low,medium,low,low,medium,medium,high,medium,medium,centre,male,60+,low
14425,SI,low,low,medium,low,low,medium,low,high,medium,low,left,female,30-44,medium
13272,SI,low,medium,medium,medium,medium,medium,medium,medium,medium,high,centre,female,60+,low
13079,SI,high,high,high,medium,medium,high,low,high,high,low,left,female,30-44,high
18508,SI,medium,medium,high,medium,medium,medium,low,high,medium,medium,centre,female,18-29,low
15626,SI,low,medium,low,low,low,medium,medium,medium,low,low,centre,female,60+,medium
10334,SI,low,medium,high,low,low,medium,low,high,medium,medium,centre,female,30-44,medium
10329,SI,medium,medium,high,low,low,medium,high,high,medium,medium,right,female,60+,medium
25825,SI,medium,high,high,low,low,medium,low,high,high,high,right,male,30-44,medium
14234,SI,low,high,high,low,low,high,high,high,medium,low,centre,male,30-44,high
16241,SI,low,low,medium,low,low,medium,low,medium,medium,low,centre,male,18-29,medium
10508,SI,medium,high,high,low,low,medium,low,high,medium,low,left,female,18-29,medium
10090,SI,medium,high,high,low,low,low,low,medium,low,low,centre,male,30-44,medium
16750,SI,medium,high,high,medium,medium,high,high,high,high,medium,right,male,18-29,high
18900,SI,low,medium,high,medium,medium,medium,high,high,medium,medium,right,female,45-59,high
19276,SI,high,high,high,medium,medium,medium,high,high,medium,high,right,male,45-59,medium
24065,SI,high,high,high,low,low,medium,low,high,medium,low,left,male,60+,high
21984,SI,low,low,medium,low,low,medium,high,high,medium,medium,right,male,60+,low
24580,SI,high,high,medium,medium,medium,medium,low,high,low,low,centre,female,60+,medium
17872,SI,medium,medium,high,low,medium,high,medium,high,high,medium,centre,male,18-29,medium
12026,SI,medium,low,high,medium,medium,low,high,high,low,low,centre,female,30-44,medium
14940,SI,low,low,medium,low,low,medium,high,high,high,high,right,female,60+,medium
19166,SI,medium,medium,high,low,low,medium,low,high,high,low,centre,female,18-29,high
25265,SI,low,low,medium,low,low,low,medium,low,low,medium,right,male,60+,low
15702,SI,medium,medium,high,medium,medium,medium,high,medium,medium,medium,right,female,60+,medium
11637,SI,medium,medium,medium,low,medium,low,medium,high,low,low,left,female,60+,high
19662,SI,medium,low,medium,medium,medium,medium,high,medium,medium,high,right,male,60+,medium
19019,SI,medium,medium,high,medium,medium,medium,medium,high,medium,medium,centre,male,18-29,medium
25861,SI,low,low,high,medium,medium,high,low,high,medium,low,left,male,60+,medium
21046,SI,low,medium,high,low,low,medium,high,high,medium,high,right,female,30-44,medium
22741,SI,low,low,high,low,low,high,low,high,medium,low,left,male,45-59,medium
20535,SI,low,low,low,low,low,medium,low,medium,low,low,left,male,60+,high
22539,SI,low,low,low,low,low,medium,high,high,high,low,left,male,45-59,high
21861,SI,medium,medium,low,low,low,medium,low,high,medium,low,left,male,18-29,high
25606,SI,low,medium,high,low,low,low,low,high,medium,low,centre,male,45-59,high
27235,SI,medium,medium,high,medium,low,low,medium,high,medium,high,right,male,45-59,medium
26778,SI,high,high,high,high,high,low,high,high,high,high,centre,female,45-59,low
12939,SI,low,low,low,low,low,low,low,high,low,low,centre,male,30-44,low
22173,SI,low,low,low,low,low,low,high,medium,medium,low,centre,female,30-44,medium
26330,SI,medium,medium,high,medium,medium,medium,high,high,high,medium,centre,female,18-29,medium
27569,SI,low,low,low,low,low,medium,low,low,low,low,centre,male,45-59,medium
19219,SI,low,high,high,low,medium,medium,medium,high,low,low,centre,male,30-44,medium
19139,SI,low,low,high,low,low,low,high,high,high,low,centre,female,60+,low
19437,SI,low,medium,high,low,low,low,medium,high,low,low,centre,male,45-59,medium
21417,SI,medium,high,high,medium,medium,medium,medium,high,medium,low,left,female,18-29,medium
27669,SI,low,low,medium,low,low,low,high,high,low,medium,right,male,60+,medium
23938,SI,low,low,low,low,low,low,high,high,high,medium,centre,female,30-44,high
18901,SI,high,high,high,high,high,high,low,high,high,high,centre,female,18-29,low
26812,SI,medium,high,high,low,low,medium,medium,high,medium,low,centre,male,18-29,high
21125,SI,medium,medium,medium,medium,medium,low,high,high,high,high,right,female,30-44,high
26071,SI,low,medium,medium,low,low,high,high,medium,medium,medium,centre,female,18-29,low
25024,SI,low,low,medium,low,low,low,low,medium,medium,low,left,male,45-59,medium
23188,SI,medium,low,high,medium,medium,high,high,high,high,low,right,male,60+,medium
18036,SI,medium,medium,high,low,low,medium,low,high,medium,low,centre,female,45-59,high
18278,SI,medium,medium,high,low,low,low,medium,medium,low,medium,centre,female,45-59,high
25841,SI,low,medium,medium,medium,low,medium,low,medium,low,low,centre,male,60+,medium
11026,SI,high,high,high,low,low,medium,low,medium,medium,low,left,male,18-29,high
25849,SI,high,low,medium,high,high,high,high,high,low,high,right,female,60+,medium
10223,SI,medium,high,high,medium,medium,high,high,medium,medium,medium,left,male,45-59,medium
12151,SK,medium,medium,medium,low,low,low,medium,low,low,low,left,male,60+,medium
19371,SK,low,low,medium,medium,medium,medium,high,high,low,low,left,female,60+,medium
15980,SK,low,low,medium,low,low,medium,medium,medium,medium,medium,centre,female,45-59,high
20868,SK,high,high,medium,high,high,high,low,medium,high,high,right,male,60+,high
17409,SK,low,low,medium,low,low,medium,low,medium,low,low,centre,male,45-59,medium
26025,SK,low,low,low,low,low,medium,medium,high,medium,low,centre,male,60+,medium
16843,SK,medium,low,medium,medium,medium,medium,medium,high,medium,medium,right,male,30-44,medium
13471,SK,medium,medium,medium,medium,medium,medium,low,medium,medium,medium,centre,male,30-44,medium
20011,SK,low,low,medium,low,low,medium,low,high,medium,medium,left,female,60+,low
16434,SK,medium,medium,medium,medium,medium,medium,high,medium,medium,medium,centre,male,18-29,medium
22602,SK,low,low,low,low,low,low,high,medium,high,low,right,male,30-44,low
20747,SK,medium,low,medium,low,medium,low,medium,high,low,medium,centre,male,45-59,high
16010,SK,medium,medium,medium,low,medium,medium,medium,medium,medium,medium,centre,male,30-44,high
18787,SK,high,medium,medium,high,high,medium,medium,high,medium,medium,right,male,30-44,high
25086,SK,medium,medium,medium,low,medium,medium,low,medium,low,low,right,male,45-59,high
13664,SK,low,medium,low,low,low,high,medium,low,medium,low,left,female,60+,high
24230,SK,low,low,medium,low,low,medium,high,high,medium,low,centre,male,45-59,high
24787,SK,high,high,high,high,high,high,high,medium,high,high,right,male,45-59,medium
25028,SK,medium,high,high,medium,medium,medium,low,high,medium,high,right,male,30-44,medium
12167,SK,low,low,low,low,low,medium,low,medium,medium,low,centre,female,60+,low
15597,SK,low,medium,medium,low,low,medium,medium,high,low,low,right,male,30-44,medium
23929,SK,high,high,high,high,high,medium,high,high,high,medium,centre,female,60+,medium
23678,SK,low,low,low,low,low,low,high,low,low,low,left,female,60+,medium
21177,SK,high,low,high,medium,medium,medium,low,high,low,low,left,female,NA,medium
24263,SK,low,medium,high,low,medium,low,medium,medium,medium,low,left,male,60+,high
17332,SK,low,low,high,medium,high,low,high,low,medium,low,left,male,NA,low
15918,SK,medium,high,medium,low,medium,medium,high,medium,medium,low,centre,female,45-59,medium
22919,SK,high,high,high,high,high,low,high,high,medium,medium,left,female,60+,medium
13148,SK,medium,medium,medium,low,low,medium,low,high,low,low,centre,male,45-59,medium
18284,SK,low,medium,high,medium,medium,medium,low,high,high,high,right,female,30-44,high
18414,SK,high,high,high,medium,high,high,high,high,medium,medium,left,female,60+,high
24760,SK,high,high,high,high,high,medium,high,high,medium,medium,right,male,45-59,high
21900,SK,high,high,high,high,high,high,high,high,high,high,centre,male,30-44,medium
19946,SK,low,low,low,low,low,low,low,high,low,low,centre,female,30-44,medium
22199,SK,low,low,high,medium,low,medium,medium,medium,low,medium,centre,female,60+,medium
15913,SK,medium,high,high,high,medium,low,medium,high,high,high,right,male,30-44,medium
23120,SK,medium,medium,low,medium,medium,low,low,medium,low,low,right,male,30-44,medium
20912,SK,high,high,high,high,high,high,low,high,high,high,right,female,30-44,medium
12686,SK,medium,medium,medium,low,low,low,low,low,medium,medium,centre,female,60+,high
17475,SK,medium,high,medium,medium,medium,low,medium,high,medium,low,centre,female,18-29,medium
11828,SK,medium,low,medium,medium,medium,medium,high,medium,high,low,left,male,60+,medium
21414,SK,low,low,medium,low,low,high,high,high,medium,low,centre,male,18-29,medium
22915,SK,low,low,low,low,low,low,high,medium,low,low,left,female,60+,medium
17208,SK,low,low,low,low,low,medium,low,high,medium,low,left,male,60+,medium
12108,SK,high,high,high,high,high,medium,high,high,high,high,centre,female,45-59,medium
13873,SK,medium,low,medium,low,medium,medium,high,high,low,low,centre,female,45-59,medium
10525,SK,low,medium,low,medium,low,medium,medium,low,medium,medium,centre,male,45-59,medium
23449,SK,medium,low,medium,low,low,medium,low,high,medium,medium,right,male,30-44,high
11967,SK,medium,high,high,medium,high,high,high,medium,medium,medium,centre,female,45-59,medium
14275,SK,high,medium,medium,low,low,high,low,high,medium,low,centre,female,60+,medium
19352,SK,low,low,low,low,low,low,high,medium,medium,low,left,male,60+,medium
19264,SK,medium,medium,high,medium,medium,low,high,medium,low,low,centre,male,30-44,high
17264,SK,medium,low,medium,medium,medium,low,high,medium,low,low,left,female,60+,medium
10373,SK,medium,low,medium,low,low,low,high,high,medium,low,right,male,30-44,medium
12281,SK,low,low,low,medium,low,low,medium,low,low,medium,centre,male,60+,high
20623,SK,low,low,low,low,low,low,high,low,low,low,left,male,30-44,medium
27577,SK,low,medium,medium,low,low,medium,high,medium,low,low,centre,male,60+,medium
22161,SK,low,low,low,low,low,low,high,high,high,high,right,male,60+,medium
19958,SK,low,low,low,low,low,low,high,medium,low,low,centre,female,45-59,medium
16867,SK,low,medium,medium,low,medium,low,high,high,low,low,left,female,60+,medium
22787,SK,low,low,medium,low,low,medium,medium,medium,low,medium,centre,female,60+,medium
17134,SK,low,low,low,low,low,low,high,high,low,low,centre,male,45-59,high
16732,SK,low,medium,low,low,low,medium,medium,medium,low,low,centre,male,60+,medium
20185,SK,low,low,low,low,low,low,high,low,low,medium,centre,male,45-59,high
26338,SK,low,low,low,low,low,high,high,low,low,low,centre,male,45-59,medium
10142,SK,medium,medium,medium,low,low,high,high,high,high,high,right,male,45-59,high
23991,SK,medium,high,high,medium,medium,medium,low,high,medium,medium,right,male,45-59,high
14249,SK,low,low,low,low,low,low,high,high,low,low,right,male,30-44,high
15143,SK,medium,medium,medium,low,low,medium,medium,high,low,low,centre,male,45-59,medium
15624,SK,low,medium,low,medium,low,medium,medium,medium,medium,medium,centre,male,45-59,high
10694,SK,low,low,low,low,medium,medium,medium,medium,low,low,centre,male,30-44,medium
12510,SK,low,low,low,low,medium,medium,medium,medium,medium,medium,left,male,60+,medium
16605,SK,low,low,low,low,low,low,medium,high,low,low,centre,male,NA,high
14716,SK,medium,medium,low,medium,medium,low,low,medium,high,medium,centre,male,60+,high
12919,SK,low,low,high,low,low,medium,high,high,medium,medium,centre,female,60+,medium
13045,SK,low,medium,high,low,low,medium,high,high,low,low,left,female,60+,medium
11799,SK,medium,medium,high,medium,low,low,high,medium,low,medium,right,female,45-59,high
11764,SK,medium,medium,medium,medium,medium,medium,medium,high,medium,medium,right,female,30-44,medium
17724,SK,medium,high,high,medium,medium,high,low,high,medium,medium,right,female,NA,medium
19058,SK,medium,medium,medium,medium,medium,medium,high,low,low,medium,centre,female,60+,medium
26334,SK,low,low,low,low,low,low,medium,medium,low,low,centre,female,30-44,high
10956,SK,low,low,medium,low,low,high,medium,high,low,low,centre,male,60+,medium
18422,SK,medium,medium,medium,high,medium,low,medium,low,medium,medium,centre,male,45-59,high
20575,SK,medium,medium,medium,medium,medium,medium,high,medium,medium,medium,centre,male,60+,medium
21062,SK,high,high,high,low,medium,low,high,high,high,high,right,male,NA,medium
20166,SK,low,low,low,medium,low,low,medium,low,low,low,left,female,30-44,medium
18902,SK,low,low,low,medium,medium,low,high,medium,low,low,left,female,60+,medium
20150,SK,low,low,medium,low,low,medium,medium,medium,medium,medium,centre,male,30-44,medium
25482,SK,low,medium,high,low,low,low,high,low,low,low,left,female,60+,high
23673,SK,medium,high,high,high,low,medium,high,high,high,high,right,male,30-44,high
18496,SK,low,low,low,low,low,medium,medium,medium,low,low,centre,female,45-59,medium
20829,SK,low,medium,low,low,low,medium,medium,low,low,low,left,male,18-29,medium
11654,SK,low,medium,low,low,low,low,high,low,low,low,right,male,60+,low
14703,SK,high,high,high,high,medium,medium,medium,high,medium,low,right,male,45-59,medium
24510,SK,low,low,low,low,low,medium,medium,medium,low,low,right,female,60+,low
14495,SK,low,low,low,low,low,low,high,low,low,low,centre,male,60+,medium
23391,SK,high,low,medium,medium,medium,medium,medium,high,low,low,centre,male,60+,medium
19566,SK,low,low,low,low,medium,low,medium,low,low,low,left,male,45-59,medium
17696,SK,high,medium,high,medium,high,medium,high,high,medium,low,left,male,30-44,medium
10806,SK,low,medium,medium,low,low,low,low,high,medium,low,right,female,60+,high
